4,3,15
6,6,6
13349207@N00,1143
4,9,15
6,6,6
23205379@N02,2447
17,26,29,28,25,13,3,21,30,16
6,6,6,6,6,6,6,6,6,6
98672552@N00,11673
17,27,16
6,6,6
92695692@N00,10970
17,27,12,11,30,10,29,31,1,28,16
6,6,6,6,6,6,6,6,6,6,6
34681290@N00,4363
17,1,22,10,16
6,6,6,6,6
43195725@N00,5706
17,29,16
6,6,6
40563308@N02,5383
4,30,20,29,11,28
6,6,6,6,6,6
28555425@N00,3580
4,22,31,28
6,6,6,6
42118699@N08,5575
4,11,26,28
6,6,6,6
62937639@N00,7881
5,24,29,31,18
6,6,6,6,6
23807199@N00,2769
5,23,31,18
6,6,6,6
74594655@N00,8999
31,11,26
6,6,6
7945637@N07,9528
31,1,10,14,26
6,6,6,6,6
10129939@N08,43
31,1,28,26
6,6,6,6
79172203@N00,9475
31,12,28,29,24,3,16,26
6,6,6,6,6,6,6,6
15474023@N03,1594
31,29,20,10,4,3,1,28,26
6,6,6,6,6,6,6,6,6
75558245@N00,9059
21,13,28,1,18,22
6,6,6,6,6,6
44124329770@N01,5845
21,7,26,12,24,3,28,27,16,31,22
6,6,6,6,6,6,6,6,6,6,6
41894174086@N01,5551
21,25,27
6,6,6
79172203@N00,9435
13,30,17
6,6,6
95230267@N07,11199
26,4,28,23,30
6,6,6,6,6
38235069@N00,4970
26,10,25,3,7,1,23,29,20,30
6,6,6,6,6,6,6,6,6,6
67246822@N00,8418
26,1,28,25,13,30
6,6,6,6,6,6
66008314@N00,8278
26,28,13,25,30
6,6,6,6,6
110286494@N07,389
26,29,17,13,30
6,6,6,6,6
80237899@N00,9608
26,25,16,1,27,23,29,30
6,6,6,6,6,6,6,6
68769844@N07,8510
26,16,30
6,6,6
13665830@N07,1206
26,16,30
6,6,6
13875847@N00,1243
26,16,30
6,6,6
36244940@N07,4542
26,22,30
6,6,6
27190564@N02,3338
26,25,3,30
6,6,6,6
34390084@N07,4336
26,3,23,30
6,6,6,6
39146060@N00,5208
26,11,30
6,6,6
49165041@N00,6414
26,29,20,18,25,30
6,6,6,6,6,6
61261095@N02,7619
26,3,12,28,21,7,30
6,6,6,6,6,6,6
93525156@N00,11065
14,24,31,30,17,19,20
6,6,6,6,6,6,6
27813472@N00,3486
14,22,1,28,26,6,3,21,4,11,13,30,31,29,20
6,6,6,6,6,6,6,6,6,6,6,6,6,6,6
11374644@N06,490
14,19,20
6,6,6
45352977@N05,6031
14,1,28,6,26,16
6,6,6,6,6,6
43317782@N00,5756
14,29,27,1,16
6,6,6,6,6
15641461@N03,1619
26,28,3
6,6,6
45423318@N00,6042
26,28,3
6,6,6
23837366@N00,2803
26,28,24,21,3
6,6,6,6,6
58519896@N00,7268
26,1,3
6,6,6
15532592@N00,1604
26,1,17,3
6,6,6,6
39953677@N06,5309
26,7,4,21,3
6,6,6,6,6
48889068621@N01,6361
23,26,29,28
6,6,6,6
95050769@N05,11182
23,31,24,26,1,28
6,6,6,6,6,6
10182842@N08,127
23,18,12,24,28
6,6,6,6,6
23807199@N00,2777
23,20,21,13,28
6,6,6,6,6
49165041@N00,6409
23,20,29,26,28
6,6,6,6,6
79172203@N00,9479
23,29,31,20,30,28
6,6,6,6,6,6
79761301@N00,9547
23,18,5,28
6,6,6,6
82418556@N00,9797
18,19,29,30,20,3,15,26,31,21,1,24,12,25
6,6,6,6,6,6,6,6,6,6,6,6,6,6
23866387@N03,2810
18,16,30,21,25
6,6,6,6,6
31138817@N00,3877
18,1,25
6,6,6
11441631@N00,515
18,1,28,25
6,6,6,6
95555269@N00,11220
18,30,3,12,25
6,6,6,6,6
112828108@N08,460
18,26,14,29,20,24,25
6,6,6,6,6,6,6
98054093@N00,11485
18,14,24,27,3,13,25
6,6,6,6,6,6,6
18963732@N06,1793
25,1,31
6,6,6
15463022@N02,1587
1,25,20,29,26,21
6,6,6,6,6,6
10182842@N08,87
1,20,29,18,19,25,21
6,6,6,6,6,6,6
24692700@N00,2968
1,28,21
6,6,6
27813472@N00,3469
1,28,21
6,6,6
27813472@N00,3480
1,19,21
6,6,6
30517235@N02,3814
1,28,26,20,25,21
6,6,6,6,6,6
43652558@N00,5779
1,26,21
6,6,6
48837990@N00,6331
1,28,26,30,24,21
6,6,6,6,6,6
50903038@N00,6658
1,17,27,26,28,21
6,6,6,6,6,6
26874770@N06,3308
1,28,26,13,16,15,23,18,20,31,7,5,4,21
6,6,6,6,6,6,6,6,6,6,6,6,6,6
8347765@N06,9958
30,26,29,28
6,6,6,6
15019436@N08,1527
30,3,28
6,6,6
86392872@N00,10322
30,27,17,1,15,28
6,6,6,6,6,6
44124473586@N01,5886
30,18,23,28
6,6,6,6
49165041@N00,6401
30,26,28
6,6,6
66008314@N00,8275
30,26,28
6,6,6
81292745@N00,9723
30,29,1,17,28
6,6,6,6,6
69014672@N00,8536
30,14,28
6,6,6
69271250@N00,8557
30,23,28
6,6,6
73621375@N00,8920
30,23,28
6,6,6
94935685@N00,11164
30,18,28
6,6,6
7630487@N08,9128
30,24,22,28
6,6,6,6
79349162@N00,9515
30,5,28
6,6,6
79761301@N00,9559
30,20,28
6,6,6
89388079@N07,10577
31,21,17
6,6,6
43246079@N05,5735
31,20,17
6,6,6
43246079@N05,5744
31,16,27,26,17
6,6,6,6,6
43246079@N05,5749
16,23,3,12,26,30,29,6,17,8
6,6,6,6,6,6,6,6,6,6
31019923@N00,3870
16,19,23,8
6,6,6,6
65883612@N08,8241
25,31,22,11
6,6,6,6
71597211@N00,8712
20,4,3,7,9,24,15
6,6,6,6,6,6,6
48889068621@N01,6374
20,30,26,11,7,5,3,6,1,15
6,6,6,6,6,6,6,6,6,6
37382345@N08,4759
20,25,28,1,26,8,15
6,6,6,6,6,6,6
70382627@N00,8614
13,22,4,19,6
6,6,6,6,6
40708728@N04,5424
13,28,6
6,6,6
59646076@N00,7464
29,26,25,13
6,6,6,6
45906008@N00,6081
29,19,18,28,1,13
6,6,6,6,6,6
8802344@N03,10476
29,7,17,16,24,12,25,13
6,6,6,6,6,6,6,6
18366889@N00,1761
29,26,13
6,6,6
31916258@N00,3941
29,31,30,20,13
6,6,6,6,6
89857381@N04,10627
29,14,13
6,6,6
9744114@N08,11434
29,30,13
6,6,6
56008930@N00,7088
31,21,25
6,6,6
35172613@N00,4402
31,20,22,26,15,17,11,21,25
6,6,6,6,6,6,6,6,6
48418487@N02,6299
20,28,24,8,15,16,17,26,12,7
6,6,6,6,6,6,6,6,6,6
32255839@N00,3984
12,30,31,18,23,14,16,27,17,28,29,20,26,3,21
6,6,6,6,6,6,6,6,6,6,6,6,6,6,6
72547598@N00,8754
5,9,12,3,30,23,19,29,1
6,6,6,6,6,6,6,6,6
8348059@N02,9971
17,29,28,16,8,24,12,21
6,6,6,6,6,6,6,6
51035708949@N01,6675
24,1,26,16,23,15,9
6,6,6,6,6,6,6
91535662@N06,10840
14,20,19,29,22,30,18,27,15,8,3,12,28,1,26,13,31,11
6,6,6,6,6,6,6,6,6,6,6,6,6,6,6,6,6,6
39438001@N00,5246
14,29,11
6,6,6
38067879@N08,4902
14,23,13,29,19,18,11
6,6,6,6,6,6,6
39146060@N00,5196
17,22,25
6,6,6
112828108@N08,464
17,15,16,25
6,6,6,6
20955720@N00,1938
15,29,1
6,6,6
28057734@N03,3527
15,12,19,30,20,14,1
6,6,6,6,6,6,6
58512585@N00,7265
15,29,20,23,26,16,12,17,28,30,24,1
6,6,6,6,6,6,6,6,6,6,6,6
19026178@N00,1799
31,14,26,13,22
6,6,6,6,6
59642062@N00,7454
31,19,29,28,13,22
6,6,6,6,6,6
48889068621@N01,6364
31,29,30,22
6,6,6,6
49502978053@N01,6474
21,12,17
6,6,6
49693311@N02,6538
18,29,28,6,25,13,30,4,27,1,26,16
6,6,6,6,6,6,6,6,6,6,6,6
51427230@N02,6743
18,23,16
6,6,6
37912374286@N01,4882
18,28,26,4,3,13,16
6,6,6,6,6,6,6
8386875@N06,10047
16,26,1,28,5
6,6,6,6,6
86459399@N00,10330
16,7,6,21,5
6,6,6,6,6
51311897@N00,6725
16,27,17,22,30,26,7,5
6,6,6,6,6,6,6,6
98308974@N02,11539
16,13,28,26,5
6,6,6,6,6
29358051@N07,3668
1,28,26,30,29,20,13,24
6,6,6,6,6,6,6,6
10182842@N08,86
1,28,17,26,24
6,6,6,6,6
10752753@N05,337
1,25,26,28,30,24
6,6,6,6,6,6
22309110@N03,2130
1,26,18,30,11,24
6,6,6,6,6,6
29259314@N04,3649
1,18,29,20,19,24
6,6,6,6,6,6
31266253@N06,3890
1,28,27,17,15,19,16,26,24
6,6,6,6,6,6,6,6,6
37382345@N08,4739
1,22,29,12,24
6,6,6,6,6
49165041@N00,6406
1,21,25,3,16,26,24
6,6,6,6,6,6,6
77249045@N07,9247
1,28,18,26,7,6,13,17,24
6,6,6,6,6,6,6,6,6
87304876@N00,10407
1,12,3,11,9,26,24
6,6,6,6,6,6,6
10182842@N08,95
16,26,15
6,6,6
74354559@N05,8980
16,28,26,30,4,21,5,24,15
6,6,6,6,6,6,6,6,6
62566937@N00,7854
16,25,15
6,6,6
52015062@N00,6803
16,12,17,15
6,6,6,6
9858951@N03,11580
11,23,18
6,6,6
23951075@N06,2846
11,3,18
6,6,6
36330825967@N01,4576
10,8,26,4
6,6,6,6
42118699@N08,5564
21,11,29,20,26
6,6,6,6,6
35172613@N00,4403
21,1,12,3,26
6,6,6,6,6
52192784@N08,6812
21,28,26
6,6,6
21541710@N00,1998
21,30,29,17,15,25,3,1,26
6,6,6,6,6,6,6,6,6
124545141@N08,933
21,25,20,26
6,6,6,6
15441953@N00,1583
21,31,26
6,6,6
19452106@N00,1827
21,15,28,26
6,6,6,6
20322483@N05,1896
21,17,26
6,6,6
26874770@N06,3304
21,16,26
6,6,6
46879921@N05,6187
21,3,28,1,26
6,6,6,6,6
77249045@N07,9224
21,25,26
6,6,6
86459399@N00,10329
23,19,10,20,31,5
6,6,6,6,6,6
19712216@N08,1839
23,26,16,3,12,18,24,25,13,5
6,6,6,6,6,6,6,6,6,6
90008840@N00,10670
12,13,15,24,21,28,18,19,29,23,20,22,14,30,31,26,16,17
6,6,6,6,6,6,6,6,6,6,6,6,6,6,6,6,6,6
101075959@N06,38
12,11,18,30,17
6,6,6,6,6
59753021@N00,7485
27,26,14,29,1,28,22
6,6,6,6,6,6,6
57967471@N06,7207
27,16,13,30,23,31,22
6,6,6,6,6,6,6
38235069@N00,4974
27,11,21,25,22
6,6,6,6,6
92171126@N00,10914
27,15,13,29,31,14,22
6,6,6,6,6,6,6
51311897@N00,6728
29,1,24,16,12,21,30,31
6,6,6,6,6,6,6,6
39457011@N00,5250
29,1,23,31
6,6,6,6
27813472@N00,3484
29,20,27,31
6,6,6,6
40262057@N06,5355
29,20,31
6,6,6
51035626656@N01,6674
29,5,27,17,24,25,4,22,31
6,6,6,6,6,6,6,6,6
26874770@N06,3285
29,30,19,28,16,21,13,31
6,6,6,6,6,6,6,6
28450912@N02,3571
4,28,21
6,6,6
68276252@N06,8498
4,11,21
6,6,6
44957651@N00,5964
28,29,30
6,6,6
44476715@N00,5917
28,24,30
6,6,6
112828108@N08,466
28,1,16,27,15,12,21,25,10,30
6,6,6,6,6,6,6,6,6,6
15235007@N00,1571
28,1,30
6,6,6
20319059@N06,1892
28,1,30
6,6,6
24850040@N07,3017
28,24,15,29,30
6,6,6,6,6
20624969@N06,1928
28,7,29,20,13,11,30
6,6,6,6,6,6,6
23951075@N06,2842
28,26,30
6,6,6
33516396@N06,4216
28,23,30
6,6,6
40579602@N00,5417
28,26,18,30
6,6,6,6
61258745@N03,7607
28,15,26,30
6,6,6,6
63106298@N02,7945
28,18,30
6,6,6
69962528@N08,8582
28,29,23,6,11,25,30
6,6,6,6,6,6,6
79761301@N00,9549
28,13,26,30
6,6,6,6
79761301@N00,9553
28,13,3,26,30
6,6,6,6,6
82418556@N00,9810
28,25,13,30
6,6,6,6
89857381@N04,10622
28,17,30
6,6,6
43195725@N00,5691
28,26,19,17,5,30
6,6,6,6,6,6
52447507@N06,6824
26,9,11
6,6,6
14834314@N00,1484
26,16,7,4,11
6,6,6,6,6
62392176@N00,7746
26,23,18,11
6,6,6,6
8386875@N06,10053
4,1,5
6,6,6
27527078@N05,3409
25,21,11,30,22,14,26,28,29
6,6,6,6,6,6,6,6,6
20319059@N06,1881
25,26,28,23,29
6,6,6,6,6
62443344@N00,7771
25,28,26,29
6,6,6,6
22309110@N03,2155
25,16,11,29
6,6,6,6
22309110@N03,2151
25,12,15,21,3,24,18,19,29
6,6,6,6,6,6,6,6,6
9858951@N03,11608
25,3,16,27,26,29
6,6,6,6,6,6
108403902@N02,348
12,21,1,26,19,18,16
6,6,6,6,6,6,6
88242284@N03,10491
12,26,16
6,6,6
10651907@N02,318
12,24,16
6,6,6
29013352@N06,3622
6,9,23,29,24,16,15,12
6,6,6,6,6,6,6,6
71079304@N04,8664
25,24,30,5
6,6,6,6
77249045@N07,9236
22,21,10,4,24,16
6,6,6,6,6,6
14576853@N00,1472
22,1,8,3,5,16
6,6,6,6,6,6
23119895@N00,2426
22,26,16
6,6,6
66729316@N00,8377
22,18,28,15
6,6,6,6
9414677@N06,11108
22,3,4,15
6,6,6,6
30213495@N02,3783
22,28,15
6,6,6
40144079@N00,5326
22,30,15
6,6,6
17442971@N00,1731
31,22,3,26,27,28
6,6,6,6,6,6
22918179@N08,2331
31,30,22,10,9,4,8,26,6,12,17,28
6,6,6,6,6,6,6,6,6,6,6,6
35795945@N02,4475
31,20,22,29,28
6,6,6,6,6
37763182@N03,4813
31,20,28
6,6,6
63104689@N03,7906
31,6,26,28
6,6,6,6
70319699@N05,8601
31,6,28
6,6,6
88254333@N00,10494
31,29,20,28
6,6,6,6
93652979@N00,11085
18,29,10
6,6,6
40563308@N02,5387
18,25,28,26,20,10
6,6,6,6,6,6
57492486@N00,7147
11,3,21,25
6,6,6,6
24064040@N08,2864
11,29,28,25
6,6,6,6
22309110@N03,2165
15,4,21
6,6,6
47694179@N06,6231
15,14,24,21
6,6,6,6
49545908@N00,6482
18,16,12
6,6,6
8386875@N06,10059
13,21,11
6,6,6
106228936@N07,307
13,31,12,16,28,18,29,27,8,5,10,19,26,3,21,11
6,6,6,6,6,6,6,6,6,6,6,6,6,6,6,6
46050386@N03,6119
13,17,19,11
6,6,6,6
14877255@N04,1499
25,5,3,16,20,7,21
6,6,6,6,6,6,6
69114926@N00,8548
25,13,30,31,18,28,1,3,29,26,24,15,21
6,6,6,6,6,6,6,6,6,6,6,6,6
95450266@N06,11217
25,15,4,26,7,21
6,6,6,6,6,6
26415623@N00,3227
25,19,18,28,16,1,15,24,12,7,21
6,6,6,6,6,6,6,6,6,6,6
20544648@N06,1923
10,18,28,26,23,30,20,31,27
6,6,6,6,6,6,6,6,6
98538941@N00,11548
20,29,19,23
6,6,6,6
24850040@N07,3016
20,31,30,29,22,23
6,6,6,6,6,6
27813472@N00,3464
20,22,18,23
6,6,6,6
61258745@N03,7611
20,30,11,26,25,13,3,16,22,1,28,23
6,6,6,6,6,6,6,6,6,6,6,6
29225947@N00,3633
13,30,29,1,28,26,22,20,25
6,6,6,6,6,6,6,6,6
79172203@N00,9437
13,1,28,24,6,21,27,25
6,6,6,6,6,6,6,6
48108659@N00,6265
13,18,26,25
6,6,6,6
9744114@N08,11430
13,24,17,27,16,25
6,6,6,6,6,6
22918179@N08,2330
13,6,29,26,25
6,6,6,6,6
79172203@N00,9410
20,24,6
6,6,6
13818837@N05,1234
1,7,29,31
6,6,6,6
16911222@N04,1707
1,4,6,12,14,15,16,18,21,22,23,24,25,26,27,29,30,31
6,6,6,6,6,6,6,6,6,6,6,6,6,6,6,6,6,6
24850040@N07,3020
1,12,31
6,6,6
44957651@N00,5960
1,27,16,31
6,6,6,6
59390981@N04,7398
1,23,29,20,22,31
6,6,6,6,6,6
73621375@N00,8913
1,8,31
6,6,6
91293550@N08,10810
1,25,13,21,11,31
6,6,6,6,6,6
9858951@N03,11617
24,30,10
6,6,6
32289743@N03,4018
30,1,15,27
6,6,6,6
28495222@N04,3572
30,25,22,13,5,28,26,1,10,19,27
6,6,6,6,6,6,6,6,6,6,6
29259314@N04,3643
30,3,27
6,6,6
42118699@N08,5569
27,1,28
6,6,6
44476715@N00,5916
27,1,28
6,6,6
64985588@N06,8163
27,25,26,18,8,3,21,28
6,6,6,6,6,6,6,6
25119612@N02,3079
27,17,24,28
6,6,6,6
101538895@N08,61
27,24,17,21,13,25,11,23,29,26,28
6,6,6,6,6,6,6,6,6,6,6
10182842@N08,78
27,16,26,29,3,21,11,7,30,31,22,28
6,6,6,6,6,6,6,6,6,6,6,6
10182842@N08,94
27,16,28
6,6,6
11840939@N06,606
27,16,28
6,6,6
11840939@N06,607
27,16,28
6,6,6
13332833@N06,1134
27,16,28
6,6,6
89804841@N00,10606
27,4,30,28
6,6,6,6
15935500@N02,1633
27,17,16,26,10,6,21,28
6,6,6,6,6,6,6,6
23951075@N06,2847
27,18,28
6,6,6
45032460@N06,5970
27,26,28
6,6,6
47694179@N06,6232
27,15,22,1,18,29,20,28
6,6,6,6,6,6,6,6
79172203@N00,9419
27,30,28
6,6,6
82418556@N00,9846
27,30,28
6,6,6
82418556@N00,9847
27,17,28
6,6,6
8398190@N02,10140
27,3,26,28
6,6,6,6
91132276@N07,10777
1,17,12,5,30,31,14
6,6,6,6,6,6,6
29762068@N03,3732
1,26,14
6,6,6
32823446@N00,4083
1,29,14
6,6,6
97286705@N07,11416
30,1,17
6,6,6
14483469@N00,1460
30,1,16,17
6,6,6,6
32823446@N00,4081
30,10,26,28,14,11,29,22,17
6,6,6,6,6,6,6,6,6
22456113@N00,2276
30,28,12,4,26,17
6,6,6,6,6,6
7474477@N08,9032
30,31,26,17
6,6,6,6
32218114@N00,3976
30,31,10,12,17
6,6,6,6,6
40262057@N06,5347
18,19,29,26,28,31,17,20
6,6,6,6,6,6,6,6
19655415@N00,1836
18,11,20
6,6,6
27365671@N00,3369
18,23,19,29,31,20
6,6,6,6,6,6
31019923@N00,3871
18,31,30,20
6,6,6,6
32289743@N03,3999
18,29,20
6,6,6
83612144@N00,10008
4,28,16,26,1,27
6,6,6,6,6,6
68276252@N06,8495
4,19,29,28,18,23,26,25,27
6,6,6,6,6,6,6,6,6
41453183@N05,5519
13,18,1,26,16,24,20,29,6,25,28
6,6,6,6,6,6,6,6,6,6,6
28223347@N00,3543
13,25,1,28
6,6,6,6
39146060@N00,5221
13,25,1,28
6,6,6,6
9744114@N08,11431
13,24,27,28
6,6,6,6
40708728@N04,5440
13,4,28
6,6,6
45067258@N00,5975
13,29,26,28
6,6,6,6
61258745@N03,7602
13,18,28
6,6,6
23205379@N02,2514
13,26,1,28
6,6,6,6
85318305@N00,10247
13,29,28
6,6,6
58426797@N08,7262
13,27,29,28
6,6,6,6
39024895@N00,5175
6,19,13,16,27
6,6,6,6,6
89804841@N00,10608
21,3,4,9,30,29,22,1,28,16,26,10,6,7,11,13
6,6,6,6,6,6,6,6,6,6,6,6,6,6,6,6
96581740@N03,11360
21,27,28,1,23,31,29,16,13
6,6,6,6,6,6,6,6,6
49858236@N04,6560
27,20,14,29,18,30,17,28,1
6,6,6,6,6,6,6,6,6
100822654@N07,23
27,29,22,28,1
6,6,6,6,6
23933172@N00,2834
27,15,9,11,6,29,26,1
6,6,6,6,6,6,6,6
57392952@N00,7145
27,21,13,28,16,1
6,6,6,6,6,6
10302113@N02,223
7,28,26,10
6,6,6,6
46353666@N03,6158
15,18,16
6,6,6
45553905@N00,6049
15,23,1,16
6,6,6,6
67892147@N00,8462
15,3,21,25,12,4,16
6,6,6,6,6,6,6
71781509@N00,8716
15,1,16
6,6,6
60703488@N00,7525
23,18,31,11,26,25,13,24,12,4
6,6,6,6,6,6,6,6,6,6
85583013@N04,10251
23,31,22,26,25,15,11,4
6,6,6,6,6,6,6,6
38235069@N00,4977
23,28,26,24,22
6,6,6,6,6
71486434@N00,8688
23,8,30,29,22
6,6,6,6,6
23866387@N03,2807
23,18,26,29,20,22
6,6,6,6,6,6
79172203@N00,9432
24,26,31
6,6,6
21077668@N06,1947
30,25,8
6,6,6
62392176@N00,7758
21,26,28
6,6,6
10167516@N04,66
21,13,6,1,28
6,6,6,6,6
115291928@N03,529
21,11,28
6,6,6
11949829@N04,666
21,1,28
6,6,6
22309110@N03,2262
21,24,8,28
6,6,6,6
38235069@N00,4960
12,4,11
6,6,6
24090212@N04,2874
23,1,16,7,28,25,10
6,6,6,6,6,6,6
43726999@N06,5808
31,20,30,28,29
6,6,6,6,6
79761301@N00,9557
31,30,29
6,6,6
11541209@N06,548
31,22,26,6,29
6,6,6,6,6
27813472@N00,3463
31,4,11,1,26,7,29
6,6,6,6,6,6,6
18840194@N02,1786
31,17,16,1,13,29
6,6,6,6,6,6
32604470@N08,4051
31,25,29
6,6,6
27813472@N00,3481
31,22,26,19,29
6,6,6,6,6
16442000@N00,1666
11,1,18,17
6,6,6,6
39953677@N06,5312
11,1,24,15,17
6,6,6,6,6
66729316@N00,8381
17,12,22,19
6,6,6,6
20163306@N00,1865
17,30,19
6,6,6
24850040@N07,3021
17,24,19
6,6,6
30738244@N07,3845
17,27,12,21,25,3,26,19
6,6,6,6,6,6,6,6
97137858@N00,11401
17,28,16,26,18,19
6,6,6,6,6,6
20493744@N00,1912
17,26,29,19
6,6,6,6
81348276@N05,9727
6,29,13
6,6,6
32289743@N03,4002
6,26,10,27,1,16,28,13
6,6,6,6,6,6,6,6
33509969@N08,4211
20,19,30
6,6,6
12861032@N00,1041
20,31,30
6,6,6
23866387@N03,2805
20,1,21,3,30
6,6,6,6,6
36942952@N00,4646
20,25,1,28,26,29,30
6,6,6,6,6,6,6
8054996@N07,9648
20,26,8,11,29,17,27,24,1,13,16,30
6,6,6,6,6,6,6,6,6,6,6,6
78832226@N00,9360
11,6,12,1
6,6,6,6
14161238@N08,1313
11,30,28,1
6,6,6,6
29066111@N06,3625
11,20,26,21,19,1
6,6,6,6,6,6
39149225@N08,5229
11,7,4,25,21,3,6,28,1
6,6,6,6,6,6,6,6,6
39471939@N00,5251
11,29,20,26,30,28,1
6,6,6,6,6,6,6
40708728@N04,5428
14,30,6,15,21
6,6,6,6,6
15474023@N03,1598
7,16,27
6,6,6
7933322@N08,9513
7,6,25,27
6,6,6,6
93472335@N02,11063
24,25,17,29,26,28,4,27,16,15
6,6,6,6,6,6,6,6,6,6
52615621@N07,6832
15,17,20,22,1,28,12,24,27,9,5,26,10
6,6,6,6,6,6,6,6,6,6,6,6,6
57938267@N00,7206
12,27,29,30,1,28
6,6,6,6,6,6
34168709@N00,4300
12,11,27,1,19,18,20,29,30,10,16,6,26,8,28
6,6,6,6,6,6,6,6,6,6,6,6,6,6,6
107470608@N03,333
12,3,21,25,4,11,29,30,22,18,20,28
6,6,6,6,6,6,6,6,6,6,6,6
10182842@N08,72
12,25,28
6,6,6
15935500@N02,1634
12,16,23,25,26,28
6,6,6,6,6,6
23684486@N07,2698
12,13,21,26,28
6,6,6,6,6
28977679@N02,3616
12,21,3,26,28
6,6,6,6,6
34207923@N02,4309
12,15,16,29,14,1,28
6,6,6,6,6,6,6
38102706@N05,4930
12,10,30,31,22,16,24,17,28
6,6,6,6,6,6,6,6,6
40964166@N05,5472
12,26,28
6,6,6
42118699@N08,5580
12,4,16,17,27,28
6,6,6,6,6,6
69574134@N00,8564
12,14,28
6,6,6
93538039@N06,11074
4,8,16
6,6,6
24328796@N05,2915
4,26,16
6,6,6
48889068621@N01,6372
4,25,28,16
6,6,6,6
8245538@N06,9869
5,12,24,16,27
6,6,6,6,6
10274899@N06,181
15,25,13
6,6,6
63383881@N07,7959
15,24,12,4,13
6,6,6,6,6
8312262@N03,9916
15,17,13
6,6,6
9885001@N08,11684
15,18,1,29,28,13
6,6,6,6,6,6
96067265@N02,11292
15,26,13
6,6,6
66729316@N00,8375
10,26,8
6,6,6
87935891@N08,10458
25,4,3
6,6,6
18366889@N00,1762
25,18,3
6,6,6
44124426205@N01,5881
31,24,25,13
6,6,6,6
45553905@N00,6048
31,20,25,13
6,6,6,6
78137955@N00,9340
31,16,24,1,13
6,6,6,6,6
38913499@N08,5158
28,19,27,26,1,11
6,6,6,6,6,6
25633301@N00,3127
28,1,26,13,21,7,6,9,11
6,6,6,6,6,6,6,6,6
128509080@N04,1035
28,26,10,29,30,11
6,6,6,6,6,6
23375196@N06,2625
28,29,16,26,11
6,6,6,6,6
30521264@N03,3816
28,26,7,5,4,21,24,16,27,18,15,29,17,13,11
6,6,6,6,6,6,6,6,6,6,6,6,6,6,6
35861125@N08,4483
28,23,11
6,6,6
43725348@N00,5801
28,7,10,11
6,6,6,6
43725348@N00,5802
28,10,11
6,6,6
43725348@N00,5803
28,29,12,18,17,11
6,6,6,6,6,6
8720599@N08,10406
17,26,8,13,6,10,16,30,1,18,23,19,22,20,14,28
6,6,6,6,6,6,6,6,6,6,6,6,6,6,6,6
27813472@N00,3479
17,19,28
6,6,6
25468671@N00,3110
17,3,28
6,6,6
52572912@N06,6829
17,27,16,1,26,7,3,28
6,6,6,6,6,6,6,6
60385541@N00,7510
17,21,13,20,28
6,6,6,6,6
64123610@N00,8068
17,12,24,5,26,28
6,6,6,6,6,6
67246822@N00,8419
17,23,29,20,28
6,6,6,6,6
79172203@N00,9413
17,14,28
6,6,6
97898435@N00,11480
17,7,22,14,28
6,6,6,6,6
27343295@N07,3365
17,24,14,29,19,18,23,16,22,1,28
6,6,6,6,6,6,6,6,6,6,6
71486434@N00,8693
12,29,28,22,13
6,6,6,6,6
49169223@N00,6426
12,26,13
6,6,6
66729316@N00,8374
12,26,30,11,16,24,13
6,6,6,6,6,6,6
52571731@N05,6828
17,5,7
6,6,6
11260538@N06,451
17,28,26,7
6,6,6,6
95601478@N00,11229
12,24,21,25,13,1,17,20,26,30
6,6,6,6,6,6,6,6,6,6
74403697@N02,8983
12,10,30
6,6,6
35599995@N04,4463
5,29,28
6,6,6
26874770@N06,3307
5,23,28
6,6,6
82418556@N00,9809
14,28,19
6,6,6
83612144@N00,10025
14,29,17,1,19
6,6,6,6,6
93929791@N08,11098
19,28,20
6,6,6
91889496@N02,10899
19,18,22,30,21,25,20
6,6,6,6,6,6,6
40262057@N06,5353
19,10,12,26,20
6,6,6,6,6
13042723@N00,1068
19,13,17,20
6,6,6,6
48889113645@N01,6378
1,10,28,26,29
6,6,6,6,6
29259314@N04,3647
1,27,8,5,30,29
6,6,6,6,6,6
32917595@N00,4097
1,30,27,24,31,12,21,8,26,28,18,23,29
6,6,6,6,6,6,6,6,6,6,6,6,6
10182842@N08,70
1,15,31,29
6,6,6,6
11949829@N04,663
1,27,26,29
6,6,6,6
12326995@N03,889
1,28,19,29
6,6,6,6
13922841@N00,1266
1,28,27,17,16,26,8,4,29
6,6,6,6,6,6,6,6,6
14246866@N05,1335
1,26,31,21,13,29
6,6,6,6,6,6
15468918@N00,1592
1,25,29
6,6,6
21632110@N06,2013
1,28,29
6,6,6
22309110@N03,2217
1,28,29
6,6,6
81348276@N05,9725
1,28,26,6,4,12,3,23,29
6,6,6,6,6,6,6,6,6
22918179@N08,2329
1,22,31,18,19,30,13,27,29
6,6,6,6,6,6,6,6,6
24850040@N07,3000
1,30,28,15,17,26,29
6,6,6,6,6,6,6
24850040@N07,3014
1,17,8,16,19,18,29
6,6,6,6,6,6,6
39438001@N00,5247
1,13,28,26,29
6,6,6,6,6
43494963@N03,5770
1,25,13,10,22,29
6,6,6,6,6,6
46050386@N03,6118
1,16,17,26,29
6,6,6,6,6
49165041@N00,6407
1,26,16,11,31,29
6,6,6,6,6,6
50972822@N08,6659
1,26,24,29
6,6,6,6
59263913@N00,7385
1,23,29
6,6,6
59742495@N00,7481
1,14,29
6,6,6
64286456@N00,8079
1,28,26,6,16,27,17,12,3,4,10,30,20,29
6,6,6,6,6,6,6,6,6,6,6,6,6,6
70059755@N00,8585
1,16,29
6,6,6
73883362@N00,8941
1,27,6,9,4,29
6,6,6,6,6,6
82418556@N00,9800
1,28,30,29
6,6,6,6
98672552@N00,11672
1,26,30,15,24,17,28,29
6,6,6,6,6,6,6,6
10182842@N08,91
1,26,29
6,6,6
13875847@N00,1246
1,26,29
6,6,6
7256454@N05,8758
3,21,28,19,30,23,27,26,13,24
6,6,6,6,6,6,6,6,6,6
13101664@N03,1084
13,18,29,19,30,31,1,28,16,27,24,26,5
6,6,6,6,6,6,6,6,6,6,6,6,6
13312992@N06,1123
24,26,28,16,15,17
6,6,6,6,6,6
36942952@N00,4644
24,16,10,22,14,13,17
6,6,6,6,6,6,6
46999149@N02,6194
24,15,17
6,6,6
94812957@N00,11157
15,7,17
6,6,6
7630487@N08,9127
15,24,12,21,28,10,25,7,4,3,5,1,18,20,30,22,26,16,17
6,6,6,6,6,6,6,6,6,6,6,6,6,6,6,6,6,6,6
77945684@N00,9295
15,26,17
6,6,6
67414260@N04,8433
15,26,19,20,22,29,9,4,25,28,1,17
6,6,6,6,6,6,6,6,6,6,6,6
50145710@N05,6582
23,20,29,3,4,7,5,9
6,6,6,6,6,6,6,6
84116656@N00,10158
15,30,16,27,3,28
6,6,6,6,6,6
23965310@N07,2859
15,27,16,28
6,6,6,6
26670686@N06,3259
15,26,28
6,6,6
41453183@N05,5517
8,28,29,31
6,6,6,6
34849589@N03,4367
17,27,30,1,29,31
6,6,6,6,6,6
102667810@N03,179
17,15,24,31
6,6,6,6
26874770@N06,3288
17,16,15,6,29,30,26,31
6,6,6,6,6,6,6,6
39146060@N00,5190
1,29,26
6,6,6
9454157@N08,11134
1,17,23,26
6,6,6,6
97161736@N02,11405
1,24,13,21,9,30,29,26
6,6,6,6,6,6,6,6
10182842@N08,97
1,28,26
6,6,6
101208631@N08,40
1,28,26
6,6,6
13312992@N06,1125
1,28,26
6,6,6
14042144@N07,1301
1,28,26
6,6,6
20319059@N06,1882
1,28,26
6,6,6
23866387@N03,2809
1,28,26
6,6,6
37869753@N06,4857
1,28,26
6,6,6
38235069@N00,4975
1,28,26
6,6,6
44606632@N02,5925
1,28,26
6,6,6
59184099@N06,7320
1,28,26
6,6,6
66313469@N06,8311
1,28,26
6,6,6
77154962@N00,9192
1,28,26
6,6,6
79172203@N00,9455
1,28,26
6,6,6
43825182@N00,5815
1,20,13,29,30,3,12,26
6,6,6,6,6,6,6,6
10182842@N08,120
1,28,13,8,26
6,6,6,6,6
102953813@N07,213
1,15,3,13,26
6,6,6,6,6
106602685@N05,319
1,28,27,24,26
6,6,6,6,6
112167218@N08,449
1,28,16,26
6,6,6,6
9858951@N03,11648
1,28,25,21,12,15,17,27,16,26
6,6,6,6,6,6,6,6,6,6
13922841@N00,1263
1,21,26
6,6,6
14286574@N00,1427
1,29,18,19,23,16,26
6,6,6,6,6,6,6
23684642@N08,2704
1,18,26
6,6,6
24850040@N07,3015
1,25,26
6,6,6
37869753@N06,4854
1,16,26
6,6,6
38084526@N06,4919
1,16,26
6,6,6
9053157@N02,10724
1,12,30,26
6,6,6,6
40563308@N02,5405
1,22,17,27,3,21,6,26
6,6,6,6,6,6,6,6
43168774@N04,5685
1,11,26
6,6,6
49025781@N00,6392
1,15,26
6,6,6
49578007@N05,6486
1,17,26
6,6,6
50679218@N00,6645
1,24,12,26
6,6,6,6
62121361@N03,7715
1,17,12,26
6,6,6,6
77154962@N00,9193
1,28,16,27,15,24,26
6,6,6,6,6,6,6
77439734@N00,9258
1,7,27,17,26
6,6,6,6,6
82418556@N00,9806
1,28,30,3,26
6,6,6,6,6
89857381@N04,10616
1,12,26
6,6,6
93273458@N00,11046
1,28,10,26
6,6,6,6
95286803@N00,11203
1,28,23,19,29,18,31,20,22,30,11,10,7,6,5,12,15,26
6,6,6,6,6,6,6,6,6,6,6,6,6,6,6,6,6,6
97161736@N02,11402
1,17,3,13,26
6,6,6,6,6
97286705@N07,11418
1,28,27,26
6,6,6,6
9858951@N03,11577
1,28,24,26
6,6,6,6
77249045@N07,9230
1,21,9,26
6,6,6,6
7363441@N07,8922
1,24,26
6,6,6
66008314@N00,8280
1,20,26
6,6,6
43082306@N00,5670
1,24,21,29,23,26
6,6,6,6,6,6
46077647@N00,6120
29,18,1,5,25,21,13,11
6,6,6,6,6,6,6,6
45423318@N00,6043
29,23,11
6,6,6
19174219@N00,1809
29,4,11
6,6,6
11566207@N08,568
22,21,25
6,6,6
99016667@N00,11689
22,21,17,26,25
6,6,6,6,6
23399885@N00,2630
22,5,25
6,6,6
30738244@N07,3844
26,16,4
6,6,6
27991056@N07,3522
26,21,25,4
6,6,6,6
32288855@N08,3986
23,30,29,31,1,28,26,4,5,3,11,21
6,6,6,6,6,6,6,6,6,6,6,6
21748548@N00,2028
23,29,25,20,28,21
6,6,6,6,6,6
77249045@N07,9238
25,8,16,26,10,12
6,6,6,6,6,6
26538493@N00,3242
25,23,10,7,3,12
6,6,6,6,6,6
95071949@N00,11189
28,19,22,14
6,6,6,6
112298613@N07,450
28,29,14
6,6,6
13922841@N00,1264
28,17,14
6,6,6
66008314@N00,8279
28,26,6,5,7,21,3,13,16,27,29,14
6,6,6,6,6,6,6,6,6,6,6,6
88955553@N00,10546
28,16,1,14
6,6,6,6
45032460@N06,5968
25,11,26,1
6,6,6,6
80292103@N00,9615
25,24,29,1
6,6,6,6
26616207@N00,3250
25,26,18,30,29,28,1
6,6,6,6,6,6,6
79172203@N00,9467
25,28,1
6,6,6
22309110@N03,2140
25,21,28,1
6,6,6,6
22309110@N03,2142
25,29,1
6,6,6
22309110@N03,2164
25,28,16,1
6,6,6,6
22309110@N03,2187
25,21,16,1
6,6,6,6
62392176@N00,7750
25,31,16,1
6,6,6,6
22309110@N03,2159
19,17,18,28,29,26,20,30
6,6,6,6,6,6,6,6
20008009@N05,1857
19,28,18,23,30
6,6,6,6,6
38235069@N00,4957
19,29,31,20,30
6,6,6,6,6
99578286@N04,11726
24,26,23,27,28,1
6,6,6,6,6,6
10182842@N08,85
24,12,21,13,4,26,30,29,28,1
6,6,6,6,6,6,6,6,6,6
10182842@N08,112
24,12,26,28,1
6,6,6,6,6
129990301@N04,1065
24,26,28,1
6,6,6,6
13312992@N06,1126
24,12,26,30,31,29,22,20,23,1
6,6,6,6,6,6,6,6,6,6
13922841@N00,1255
24,12,29,26,28,16,1
6,6,6,6,6,6,6
22299423@N05,2110
24,12,15,17,26,23,31,22,1
6,6,6,6,6,6,6,6,6
32715761@N00,4069
24,12,20,1
6,6,6,6
33823100@N00,4237
24,16,28,1
6,6,6,6
59184099@N06,7309
24,23,22,29,1
6,6,6,6,6
71486434@N00,8691
24,15,27,16,1
6,6,6,6,6
9858951@N03,11622
1,31,11
6,6,6
130979231@N04,1082
1,20,11
6,6,6
33823100@N00,4236
1,20,11
6,6,6
8386875@N06,10085
1,18,13,4,11
6,6,6,6,6
68217111@N00,8492
1,28,26,8,6,20,25,27,11
6,6,6,6,6,6,6,6,6
79172203@N00,9420
19,27,26
6,6,6
23205379@N02,2490
19,20,26
6,6,6
37763182@N03,4801
19,30,17,26
6,6,6,6
82418556@N00,9825
19,1,27,23,28,29,31,11,16,26
6,6,6,6,6,6,6,6,6,6
10295241@N02,187
19,18,15,22,1,28,17,29,26
6,6,6,6,6,6,6,6,6
8090409@N08,9662
19,16,26
6,6,6
122360115@N05,789
12,26,18,31,22,30,24,13,9
6,6,6,6,6,6,6,6,6
24090212@N04,2875
28,29,26,27,20,25
6,6,6,6,6,6
79172203@N00,9440
28,30,11,25
6,6,6,6
37869753@N06,4847
28,26,30,13,1,5,16,22,29,25
6,6,6,6,6,6,6,6,6,6
61258745@N03,7615
28,26,25
6,6,6
10295241@N02,186
28,26,25
6,6,6
36459656@N00,4587
28,27,17,14,31,29,26,1,20,10,11,4,7,5,9,12,24,25
6,6,6,6,6,6,6,6,6,6,6,6,6,6,6,6,6,6
40262057@N06,5361
28,26,8,25
6,6,6,6
42429171@N07,5608
28,19,25
6,6,6
46050386@N03,6115
28,26,21,25
6,6,6,6
47462072@N00,6221
28,17,24,25
6,6,6,6
74813143@N05,9034
28,24,4,11,29,13,25
6,6,6,6,6,6,6
78097662@N00,9338
28,26,17,25
6,6,6,6
16093042@N00,1641
28,23,1,25
6,6,6,6
37869753@N06,4850
18,19,5,6,3,15,12,24,30
6,6,6,6,6,6,6,6,6
27813472@N00,3478
18,29,30
6,6,6
46097854@N00,6130
18,28,10,20,29,31,30
6,6,6,6,6,6,6
92599451@N08,10958
20,19,22,15,27,7,18
6,6,6,6,6,6,6
41371213@N04,5514
20,16,12,18
6,6,6,6
33213804@N04,4145
20,26,8,5,15,18
6,6,6,6,6,6
77120147@N06,9177
20,27,16,26,18
6,6,6,6,6
77967578@N00,9300
17,16,28,19,20,30
6,6,6,6,6,6
16336194@N00,1657
17,25,30
6,6,6
41556385@N06,5535
17,23,30
6,6,6
62986558@N05,7896
17,3,12,30
6,6,6,6
66008314@N00,8284
17,26,30
6,6,6
39146060@N00,5195
17,13,12,1,28,26,29,22,14,20,30
6,6,6,6,6,6,6,6,6,6,6
96175708@N06,11300
17,12,16,26,6,9,4,28,14,30
6,6,6,6,6,6,6,6,6,6
70698203@N00,8618
30,29,3,15,20,25
6,6,6,6,6,6
79172203@N00,9490
30,1,28,20,22,23,25
6,6,6,6,6,6,6
79172203@N00,9465
30,29,19,18,12,24,15,16,1,28,26,7,4,11,21,25
6,6,6,6,6,6,6,6,6,6,6,6,6,6,6,6
24528629@N06,2942
25,12,26,10,29,20,15
6,6,6,6,6,6,6
92599451@N08,10949
25,28,15
6,6,6
22309110@N03,2186
25,4,11,20,30,10,15
6,6,6,6,6,6,6
40563308@N02,5394
19,31,28
6,6,6
9858951@N03,11555
23,26,16
6,6,6
11734370@N06,587
14,11,22,13,3,1,28,30
6,6,6,6,6,6,6,6
63968574@N03,8039
20,29,21,25,14
6,6,6,6,6
68126271@N03,8480
20,29,14
6,6,6
34899062@N05,4373
20,26,6,29,17,19,1,28,3,21,10,30,22,14
6,6,6,6,6,6,6,6,6,6,6,6,6,6
23322134@N02,2617
20,1,19,30,14
6,6,6,6,6
91852742@N00,10878
5,11,29,1,13,10,15,26,17,28,18,19,14,30
6,6,6,6,6,6,6,6,6,6,6,6,6,6
20420206@N07,1910
5,13,28,30
6,6,6,6
77723504@N00,9273
5,26,24,29,30
6,6,6,6,6
48271781@N00,6286
8,14,27
6,6,6
17832362@N00,1742
31,22,17,15,28,4
6,6,6,6,6,6
37996631812@N01,4900
16,21,11,27
6,6,6,6
24577327@N06,2947
16,23,21,27
6,6,6,6
22576224@N08,2287
16,4,18,29,22,27
6,6,6,6,6,6
48889068621@N01,6366
16,26,11,10,30,15,28,19,23,22,31,27
6,6,6,6,6,6,6,6,6,6,6,6
64202793@N00,8073
16,26,21,3,30,19,29,20,18,27
6,6,6,6,6,6,6,6,6,6
13922841@N00,1268
16,28,19,27
6,6,6,6
29449403@N00,3697
16,26,17,15,27
6,6,6,6,6
51178640@N00,6714
16,26,23,29,20,22,30,5,10,3,25,15,27
6,6,6,6,6,6,6,6,6,6,6,6,6
79172203@N00,9430
16,15,28,27
6,6,6,6
87478675@N00,10425
16,1,28,26,5,4,24,15,17,27
6,6,6,6,6,6,6,6,6,6
9858951@N03,11559
10,20,1
6,6,6
63631877@N00,8010
10,16,26,18,1
6,6,6,6,6
71079304@N04,8663
10,13,21,1
6,6,6,6
8101809@N08,9677
20,30,4,12,24,1,22,16,28,31,26,9,14,25,3,5,21
6,6,6,6,6,6,6,6,6,6,6,6,6,6,6,6,6
13644648@N03,1203
20,16,9,21
6,6,6,6
77249045@N07,9244
22,14,31,19,29,30,8,3
6,6,6,6,6,6,6,6
52654544@N00,6837
16,1,28,30
6,6,6,6
13998921@N02,1299
16,27,30
6,6,6
43195725@N00,5705
16,17,28,30
6,6,6,6
34899062@N05,4372
16,4,26,30
6,6,6,6
30346812@N07,3792
6,13,28,26,16,23,20,22,30,7,21,17
6,6,6,6,6,6,6,6,6,6,6,6
51390829@N07,6739
13,12,26,27,18,30
6,6,6,6,6,6
96045537@N00,11285
13,23,24,15,19,20,17,29,22,31,14,30
6,6,6,6,6,6,6,6,6,6,6,6
21748548@N00,2027
15,28,16,24,8,11
6,6,6,6,6,6
30650680@N02,3835
27,5,17
6,6,6
43195725@N00,5697
27,24,15,17
6,6,6,6
79172203@N00,9494
28,31,12,26,24,1,30,29,14,18,13,27
6,6,6,6,6,6,6,6,6,6,6,6
10925918@N03,365
28,1,13,27
6,6,6,6
71597211@N00,8713
28,21,18,27
6,6,6,6
13933131@N08,1293
28,24,15,12,26,9,30,22,20,29,27
6,6,6,6,6,6,6,6,6,6,6
10182842@N08,73
28,15,27
6,6,6
11901577@N03,621
28,23,29,27
6,6,6,6
34168709@N00,4293
28,12,16,27
6,6,6,6
38231195@N04,4954
28,29,19,23,14,22,16,27
6,6,6,6,6,6,6,6
59538487@N00,7444
28,15,26,24,25,13,20,29,31,30,18,5,16,7,27
6,6,6,6,6,6,6,6,6,6,6,6,6,6,6
78611100@N00,9344
28,12,27
6,6,6
7945637@N07,9526
26,1,28,21,18,19,29,20,31,14,22,25
6,6,6,6,6,6,6,6,6,6,6,6
25027171@N08,3055
26,19,28,30,25
6,6,6,6,6
13093780@N04,1080
26,29,25
6,6,6
34168709@N00,4296
26,29,25
6,6,6
45620944@N07,6059
26,27,9,25
6,6,6,6
39146060@N00,5226
26,7,5,25
6,6,6,6
83950218@N03,10127
26,18,25
6,6,6
87895332@N08,10450
26,30,20,23,25
6,6,6,6,6
92237387@N00,10920
26,6,29,30,23,17,25
6,6,6,6,6,6,6
73621375@N00,8919
26,29,17,12,25
6,6,6,6,6
85977134@N00,10283
26,23,5,7,10,27,17,28,20,30,29,25
6,6,6,6,6,6,6,6,6,6,6,6
40262057@N06,5356
26,28,1,22,18,16,12,25
6,6,6,6,6,6,6,6
86604283@N00,10340
17,28,3
6,6,6
96430093@N05,11334
17,15,3
6,6,6
89414761@N00,10586
1,26,6
6,6,6
10358880@N05,236
1,28,26,18,19,29,23,11,13,6
6,6,6,6,6,6,6,6,6,6
11374644@N06,491
1,29,22,6
6,6,6,6
49165041@N00,6408
1,9,6
6,6,6
38730049@N08,5109
7,5,30
6,6,6
44124377471@N01,5863
8,12,24,17,27,16,26,20,18,1,28,23,29,30,31,11,21
6,6,6,6,6,6,6,6,6,6,6,6,6,6,6,6,6
53365974@N00,6880
15,28,20,14,30,29
6,6,6,6,6,6
65404669@N02,8203
15,24,28,29
6,6,6,6
8188436@N08,9769
15,26,29
6,6,6
23399885@N00,2629
15,23,18,26,11,30,29
6,6,6,6,6,6,6
43725348@N00,5796
15,14,1,27,17,29
6,6,6,6,6,6
10970592@N04,381
15,7,28,10,30,29
6,6,6,6,6,6
59888866@N00,7497
15,12,23,28,1,26,29
6,6,6,6,6,6,6
51652132@N04,6777
15,27,29
6,6,6
7906627@N04,9383
15,16,23,11,29
6,6,6,6,6
25360342@N02,3103
15,1,16,27,28,26,20,29
6,6,6,6,6,6,6,6
43317782@N00,5757
15,24,29
6,6,6
59184099@N06,7324
28,29,18,9
6,6,6,6
40563308@N02,5396
28,17,26,9
6,6,6,6
97898435@N00,11479
28,3,9
6,6,6
20319059@N06,1891
23,18,29,20,22,30,28,1,16,27,26,17,15,13,21,11,4,5,6
6,6,6,6,6,6,6,6,6,6,6,6,6,6,6,6,6,6,6
28215341@N07,3542
12,21,24
6,6,6
62121361@N03,7697
12,22,16,24
6,6,6,6
92692548@N02,10969
12,4,6,24
6,6,6,6
71121295@N00,8670
16,21,18
6,6,6
8386875@N06,10060
16,1,28,31,13,18
6,6,6,6,6,6
47736026@N04,6239
16,17,27,18
6,6,6,6
68111040@N00,8476
16,28,18
6,6,6
49502995892@N01,6477
16,15,18
6,6,6
36423739@N02,4582
16,15,30,23,18
6,6,6,6,6
73802184@N00,8934
31,29,1,26,28,7
6,6,6,6,6,6
7296328@N07,8865
23,28,29,11
6,6,6,6
33077451@N02,4126
7,18,6
6,6,6
23205379@N02,2444
20,15,29,16,24,28,23,26,18,27,17
6,6,6,6,6,6,6,6,6,6,6
57507256@N00,7148
20,3,17
6,6,6
35237099571@N01,4416
20,3,17
6,6,6
37763182@N03,4800
20,15,24,12,17
6,6,6,6,6
39146060@N00,5192
29,19,28,26,14,24,12
6,6,6,6,6,6,6
13701504@N00,1214
29,26,12
6,6,6
77217620@N08,9215
27,17,20,11,21,13,1,6,7,4,28,16,26,29,15
6,6,6,6,6,6,6,6,6,6,6,6,6,6,6
55070214@N06,6993
27,16,24,29,26,1,28,15
6,6,6,6,6,6,6,6
43841868@N05,5830
27,17,15
6,6,6
50661799@N02,6644
27,17,15
6,6,6
14379699@N02,1438
27,4,11,26,23,19,17,15
6,6,6,6,6,6,6,6
23965310@N07,2858
27,1,12,15
6,6,6,6
12685141@N08,980
25,12,26,23
6,6,6,6
25468573@N08,3108
14,20,27,28
6,6,6,6
41540189@N05,5532
14,1,28
6,6,6
11855439@N00,616
14,1,17,27,8,25,13,11,26,28
6,6,6,6,6,6,6,6,6,6
29762068@N03,3731
14,22,20,27,28
6,6,6,6,6
44029976@N00,5839
18,19,29,31,30,22,10,21
6,6,6,6,6,6,6,6
8347765@N06,9966
12,24,16,19
6,6,6,6
51427230@N02,6745
12,31,19
6,6,6
83286805@N00,9946
12,21,10,30,19
6,6,6,6,6
8565602@N03,10256
15,26,28,27
6,6,6,6
75992475@N02,9093
15,1,27
6,6,6
7906627@N04,9386
15,17,1,28,26,7,13,24,18,27
6,6,6,6,6,6,6,6,6,6
78175333@N00,9341
15,26,1,28,23,27
6,6,6,6,6,6
12423353@N02,912
15,26,27
6,6,6
45571875@N06,6055
15,16,27
6,6,6
62433076@N00,7763
15,19,23,27
6,6,6,6
63106298@N02,7949
15,17,24,27
6,6,6,6
42185804@N02,5587
22,28,29,11,26
6,6,6,6,6
38235069@N00,4969
10,28,29,17
6,6,6,6
98672552@N00,11671
22,14,29,31,20,24,12,16,15,17,1,23,18,19,30
6,6,6,6,6,6,6,6,6,6,6,6,6,6,6
77179348@N00,9196
22,20,30
6,6,6
23450846@N07,2642
22,14,26,30
6,6,6,6
39146060@N00,5218
22,14,30
6,6,6
83959210@N02,10129
7,20,19,29,25,13,3,18
6,6,6,6,6,6,6,6
8312262@N03,9915
19,1,28,12,21
6,6,6,6,6
47576966@N05,6225
28,26,1,17,31,16,30,29
6,6,6,6,6,6,6,6
32169245@N00,3973
28,3,17,25,26,18,20,1,13,15,6,29
6,6,6,6,6,6,6,6,6,6,6,6
79172203@N00,9453
28,27,26,18,29
6,6,6,6,6
12508217@N08,952
28,26,4,29
6,6,6,6
10182842@N08,109
28,16,26,30,29
6,6,6,6,6
10196023@N00,147
28,20,29
6,6,6
11441631@N00,510
28,20,29
6,6,6
24850040@N07,3005
28,20,29
6,6,6
66787548@N00,8390
28,20,29
6,6,6
93273458@N00,11041
28,25,29
6,6,6
22309110@N03,2152
28,25,29
6,6,6
22309110@N03,2153
28,26,21,7,11,29
6,6,6,6,6,6
22309110@N03,2185
28,21,25,29
6,6,6,6
22309110@N03,2230
28,26,29
6,6,6
22309110@N03,2256
28,1,30,18,29
6,6,6,6,6
36942952@N00,4666
28,23,29
6,6,6
40144079@N00,5330
28,1,29
6,6,6
48871176@N08,6340
28,16,15,17,3,7,5,9,8,6,26,30,31,20,23,18,29
6,6,6,6,6,6,6,6,6,6,6,6,6,6,6,6,6
59390981@N04,7399
28,26,7,3,16,29
6,6,6,6,6,6
64569741@N00,8106
28,26,6,20,17,29
6,6,6,6,6,6
72844756@N00,8845
28,26,23,18,19,29
6,6,6,6,6,6
73621375@N00,8916
28,26,30,29
6,6,6,6
89857381@N04,10612
28,23,18,29
6,6,6,6
96004001@N00,11280
28,30,29
6,6,6
96430093@N05,11337
28,1,20,26,25,7,29
6,6,6,6,6,6,6
79172203@N00,9404
28,14,20,1,29
6,6,6,6,6
22309110@N03,2215
20,10,22
6,6,6
43195725@N00,5698
20,30,31,26,23,14,22
6,6,6,6,6,6,6
69872582@N00,8569
20,1,16,26,10,22
6,6,6,6,6,6
9171499@N02,10850
28,17,16,26,23,29,22,30,1
6,6,6,6,6,6,6,6,6
10182842@N08,98
28,5,1
6,6,6
10182842@N08,115
28,26,6,22,30,1
6,6,6,6,6,6
11374644@N06,487
28,20,14,16,1
6,6,6,6,6
126797303@N08,978
28,26,10,29,22,30,20,1
6,6,6,6,6,6,6,6
22232518@N05,2103
28,27,26,15,20,13,25,1
6,6,6,6,6,6,6,6
27374044@N00,3371
28,3,7,26,1
6,6,6,6,6
27813472@N00,3453
28,29,30,1
6,6,6,6
30902022@N00,3866
28,26,1
6,6,6
31954625@N00,3967
28,27,26,7,5,21,4,11,3,13,30,31,1
6,6,6,6,6,6,6,6,6,6,6,6,6
32715761@N00,4067
28,23,12,26,29,30,19,1
6,6,6,6,6,6,6,6
32715761@N00,4068
28,26,6,20,16,1
6,6,6,6,6,6
34390084@N07,4331
28,24,15,26,1
6,6,6,6,6
60744963@N02,7534
28,20,1
6,6,6
61363312@N00,7625
28,16,12,25,3,26,6,1
6,6,6,6,6,6,6,6
79172203@N00,9439
28,31,20,22,14,30,29,1
6,6,6,6,6,6,6,6
81322238@N00,9724
28,20,26,30,1
6,6,6,6,6
82418556@N00,9812
28,19,23,29,18,1
6,6,6,6,6,6
9858951@N03,11564
28,26,30,1
6,6,6,6
31954625@N00,3953
28,18,1
6,6,6
55028731@N03,6990
28,31,26,1
6,6,6,6
92599451@N08,10954
28,20,26,16,27,1
6,6,6,6,6,6
7396528@N02,8947
28,24,27,30,13,15,12,25,4,3,11,10,31,29,14,20,26,16,1
6,6,6,6,6,6,6,6,6,6,6,6,6,6,6,6,6,6,6
51903736@N00,6790
28,20,24,1
6,6,6,6
45352977@N05,6027
28,12,26,1
6,6,6,6
8674970@N04,10377
23,18,1,20,31
6,6,6,6,6
9858951@N03,11593
23,13,1,11,20,30,31
6,6,6,6,6,6,6
41047258@N00,5476
23,18,20,31
6,6,6,6
59390981@N04,7401
23,27,17,14,22,20,29,31
6,6,6,6,6,6,6,6
15409581@N00,1580
23,16,31
6,6,6
8404411@N05,10143
23,17,27,30,20,31
6,6,6,6,6,6
86672131@N04,10342
4,16,7
6,6,6
40732565660@N01,5446
18,26,17,1,16,27,15
6,6,6,6,6,6,6
50661799@N02,6642
18,28,1,15
6,6,6,6
10106605@N07,35
18,23,17,7,16,15
6,6,6,6,6,6
21748548@N00,2031
18,29,31,14,16,20,17,15
6,6,6,6,6,6,6,6
107470608@N03,332
18,29,27,15
6,6,6,6
23866387@N03,2815
18,26,28,15
6,6,6,6
40371941@N00,5369
1,28,26,23,18,13,8,19
6,6,6,6,6,6,6,6
130912872@N04,1077
1,28,26,30,19
6,6,6,6,6
11855439@N00,618
1,28,16,17,10,12,29,20,22,26,27,19
6,6,6,6,6,6,6,6,6,6,6,6
43317782@N00,5758
1,28,16,27,5,11,31,20,22,14,19
6,6,6,6,6,6,6,6,6,6,6
51427230@N02,6742
1,16,26,20,19
6,6,6,6,6
9858951@N03,11655
15,6,7
6,6,6
21394157@N04,1975
15,12,17,7
6,6,6,6
26704339@N05,3265
21,29,13,20
6,6,6,6
16766249@N00,1692
21,28,20
6,6,6
77249045@N07,9225
21,8,26,29,15,17,27,16,28,1,11,23,20
6,6,6,6,6,6,6,6,6,6,6,6,6
79172203@N00,9471
21,29,30,18,26,20
6,6,6,6,6,6
7630487@N08,9130
29,20,30,31,7,3,13,1,28,16,24,11,23
6,6,6,6,6,6,6,6,6,6,6,6,6
85882671@N00,10277
29,26,1,3,21,23
6,6,6,6,6,6
73565702@N00,8907
29,24,15,1,26,28,11,23
6,6,6,6,6,6,6,6
13922841@N00,1269
29,20,19,15,24,16,26,23
6,6,6,6,6,6,6,6
40086524@N03,5321
29,26,13,19,18,23
6,6,6,6,6,6
87505833@N08,10426
29,18,27,4,5,22,26,3,16,24,17,28,21,23
6,6,6,6,6,6,6,6,6,6,6,6,6,6
22918179@N08,2332
28,1,16,4,13
6,6,6,6,6
19909714@N00,1854
28,1,25,13
6,6,6,6
37869753@N06,4851
28,24,13
6,6,6
10196023@N00,145
28,23,30,29,13
6,6,6,6,6
11438926@N00,507
28,26,13
6,6,6
13922841@N00,1260
28,22,13
6,6,6
13922841@N00,1262
28,26,16,24,18,22,13
6,6,6,6,6,6,6
29507492@N07,3714
28,6,4,13
6,6,6,6
43725348@N00,5806
28,16,27,29,30,26,8,7,3,5,21,13
6,6,6,6,6,6,6,6,6,6,6,6
44164246@N00,5891
28,26,21,13
6,6,6,6
48715359@N00,6318
28,7,26,15,13
6,6,6,6,6
82418556@N00,9804
28,31,14,26,6,9,21,13
6,6,6,6,6,6,6,6
8645545@N02,10326
28,23,19,29,18,26,15,13
6,6,6,6,6,6,6,6
9858951@N03,11575
28,27,16,31,26,10,13
6,6,6,6,6,6,6
99855129@N00,11752
28,21,4,25,13
6,6,6,6,6
123899237@N03,901
12,3,7,21,4,11,22,27,26
6,6,6,6,6,6,6,6,6
12857322@N03,1036
12,6,7,26
6,6,6,6
10206042@N07,171
12,24,15,1,20,29,22,18,30,26
6,6,6,6,6,6,6,6,6,6
27813472@N00,3449
12,21,26
6,6,6
62121361@N03,7717
12,28,26
6,6,6
80687988@N00,9656
12,25,26
6,6,6
8298711@N08,9908
12,15,23,26
6,6,6,6
98182088@N03,11505
11,18,29
6,6,6
55662771@N00,7078
11,19,29
6,6,6
99016667@N00,11690
18,7,23
6,6,6
19944325@N00,1856
18,30,23
6,6,6
53687491@N00,6903
3,25,13,1,28,26,23,29,31,30,22,16,17,20
6,6,6,6,6,6,6,6,6,6,6,6,6,6
18753948@N00,1778
3,17,12,13,25,15,18,23,20
6,6,6,6,6,6,6,6,6
66787548@N00,8385
17,26,3,21,5,4,7,6
6,6,6,6,6,6,6,6
58366987@N00,7258
13,30,7
6,6,6
76372974@N08,9136
28,31,6
6,6,6
23807199@N00,2775
28,12,26,6
6,6,6,6
31429576@N04,3901
28,27,16,26,23,29,13,4,5,7,6
6,6,6,6,6,6,6,6,6,6,6
44164246@N00,5890
28,26,6
6,6,6
50325355@N00,6606
28,17,26,19,18,29,24,6
6,6,6,6,6,6,6,6
51035708949@N01,6676
28,23,6
6,6,6
77120147@N06,9173
21,13,3,4,11,9,6,26,30,29,31,16,28,27,15,24,25
6,6,6,6,6,6,6,6,6,6,6,6,6,6,6,6,6
25027171@N08,3053
21,10,11,9,28,27,1,15,20,14,13,26,18,23,30,31,22,29,6,25
6,6,6,6,6,6,6,6,6,6,6,6,6,6,6,6,6,6,6,6
79172203@N00,9426
20,30,19,17,3
6,6,6,6,6
90328132@N00,10694
20,28,8,26,27,3
6,6,6,6,6,6
31794493@N00,3936
20,26,16,18,3
6,6,6,6,6
54096110@N07,6929
20,29,26,6,3
6,6,6,6,6
79172203@N00,9470
12,24,17,27,16,23,30,29,22,7
6,6,6,6,6,6,6,6,6,6
12946812@N03,1061
12,16,15,24,1,6,4,7
6,6,6,6,6,6,6,6
48889068621@N01,6368
12,1,19,30,28,26,16,23,29,20,27,15,24,25,21,7
6,6,6,6,6,6,6,6,6,6,6,6,6,6,6,6
15468918@N00,1591
7,26,13
6,6,6
59263913@N00,7388
10,30,18
6,6,6
22299423@N05,2109
10,24,29,20,18
6,6,6,6,6
43195725@N00,5692
1,28,20,19,30,21,12,7
6,6,6,6,6,6,6,6
11438926@N00,504
1,28,27,30,26,7
6,6,6,6,6,6
20558299@N07,1925
1,28,31,11,7
6,6,6,6,6
43725348@N00,5800
1,20,31,26,9,8,4,5,6,7
6,6,6,6,6,6,6,6,6,6
60703488@N00,7523
1,13,7
6,6,6
65679275@N02,8226
10,11,9,4,13,25,3,6,26,16,27,1,28,23,18,29,19,22,20,30
6,6,6,6,6,6,6,6,6,6,6,6,6,6,6,6,6,6,6,6
8348059@N02,9970
17,27,16,29,20,30,26,28,12
6,6,6,6,6,6,6,6,6
78832226@N00,9363
17,28,12
6,6,6
40910200@N06,5467
17,22,12
6,6,6
11712374@N03,586
17,1,28,26,12
6,6,6,6,6
13312992@N06,1128
19,7,10
6,6,6
61258745@N03,7609
1,14,22
6,6,6
66316766@N06,8331
1,14,22
6,6,6
7642077@N04,9138
1,28,25,12,22
6,6,6,6,6
79172203@N00,9397
1,26,30,12,22
6,6,6,6,6
25360342@N02,3101
1,13,31,29,30,26,16,28,17,20,22
6,6,6,6,6,6,6,6,6,6,6
51652132@N04,6778
1,28,26,14,22
6,6,6,6,6
11374644@N06,488
1,17,22
6,6,6
24503701@N02,2936
1,28,12,26,29,22
6,6,6,6,6,6
25601992@N00,3116
1,28,22
6,6,6
37382345@N08,4756
1,19,18,31,22
6,6,6,6,6
23866387@N03,2825
1,21,22
6,6,6
27388187@N07,3378
8,27,16,17,15,24
6,6,6,6,6,6
9858951@N03,11582
8,11,24
6,6,6
21591624@N00,2000
1,28,16,23,31,20,22,14,29,19,27
6,6,6,6,6,6,6,6,6,6,6
22576224@N08,2285
1,26,17,27
6,6,6,6
24435646@N00,2928
1,26,17,27
6,6,6,6
33005083@N00,4108
1,28,27
6,6,6
26568149@N00,3249
1,26,16,20,22,14,17,27
6,6,6,6,6,6,6,6
37382345@N08,4733
1,21,3,27
6,6,6,6
43825182@N00,5822
1,26,27
6,6,6
44124316579@N01,5844
1,17,27
6,6,6
76619232@N00,9149
1,28,18,23,29,14,30,7,24,27
6,6,6,6,6,6,6,6,6,6
79172203@N00,9493
1,28,26,30,20,29,19,21,3,8,15,17,27
6,6,6,6,6,6,6,6,6,6,6,6,6
93629101@N05,11081
1,28,15,27
6,6,6,6
95724996@N04,11239
23,18,19
6,6,6
61761579@N00,7650
23,18,15,17,1,20,22,31,13,19
6,6,6,6,6,6,6,6,6,6
23866387@N03,2821
23,14,19
6,6,6
32841500@N05,4094
23,18,29,19
6,6,6,6
36942952@N00,4654
23,29,19
6,6,6
8117728@N07,9686
27,16,20,18
6,6,6,6
74215305@N00,8960
27,29,22,31,23,26,21,4,11,28,1,18
6,6,6,6,6,6,6,6,6,6,6,6
27813472@N00,3467
27,25,26,18
6,6,6,6
47423151@N06,6216
27,20,18
6,6,6
49578007@N05,6485
27,17,15,26,24,1,30,29,31,22,20,18
6,6,6,6,6,6,6,6,6,6,6,6
13875847@N00,1247
18,26,19,30,17
6,6,6,6,6
83434203@N00,9956
19,30,26,1,16,14,24,28,27,3,13,7
6,6,6,6,6,6,6,6,6,6,6,6
78091495@N02,9337
10,12,13,3
6,6,6,6
24761610@N04,2979
17,15,21,25,13,7,29,26,27
6,6,6,6,6,6,6,6,6
38964012@N06,5163
17,29,27
6,6,6
72269863@N00,8738
17,28,15,27
6,6,6,6
73802184@N00,8933
17,21,27
6,6,6
97527209@N00,11442
17,25,21,24,15,22,13,7,26,1,28,27
6,6,6,6,6,6,6,6,6,6,6,6
22729779@N04,2302
28,18,19,10
6,6,6,6
58044290@N00,7223
28,18,10
6,6,6
62947310@N02,7882
12,13,17,16,26,28,23,18,29,22
6,6,6,6,6,6,6,6,6,6
87657273@N00,10435
12,15,17,21,26,29,10,23,30,22
6,6,6,6,6,6,6,6,6,6
40262057@N06,5349
12,25,26,19,1,28,15,17,24,3,21,7,9,30,29,20,31,22
6,6,6,6,6,6,6,6,6,6,6,6,6,6,6,6,6,6
29259314@N04,3641
31,29,30,26,16,28,18,1
6,6,6,6,6,6,6,6
60744963@N02,7536
28,12,15,24
6,6,6,6
110565084@N04,397
28,30,24
6,6,6
11949829@N04,658
28,11,21,24
6,6,6,6
22309110@N03,2226
28,29,15,24
6,6,6,6
51652132@N04,6776
28,26,24
6,6,6
90621377@N00,10742
28,23,18,24
6,6,6,6
79172203@N00,9451
28,26,15,1,24
6,6,6,6,6
40414712@N00,5372
10,15,26
6,6,6
45104424@N00,5984
10,30,23,20,29,13,21,11,26
6,6,6,6,6,6,6,6,6
61261095@N02,7620
10,3,13,16,26
6,6,6,6,6
87889801@N00,10443
10,22,20,27,19,18,23,16,28,26
6,6,6,6,6,6,6,6,6,6
45104424@N00,5983
10,30,17,12,16,26
6,6,6,6,6,6
7459168@N04,8995
10,21,15,26
6,6,6,6
27813472@N00,3482
10,28,26
6,6,6
94588149@N00,11135
24,21,12,11,30,20,26,17,1,28
6,6,6,6,6,6,6,6,6,6
20319059@N06,1879
24,17,25,16,28
6,6,6,6,6
12326995@N03,890
24,29,26,28
6,6,6,6
47462072@N00,6220
24,26,28
6,6,6
40563308@N02,5402
24,21,18,28
6,6,6,6
48949906@N00,6387
24,25,26,29,20,28
6,6,6,6,6,6
49578007@N05,6483
24,26,25,15,28
6,6,6,6,6
63106298@N02,7937
24,25,31,20,18,28
6,6,6,6,6,6
73105116@N00,8870
24,18,15,27,16,26,11,7,4,5,3,23,29,20,28
6,6,6,6,6,6,6,6,6,6,6,6,6,6,6
94528619@N00,11118
24,15,1,28
6,6,6,6
48715359@N00,6319
22,14,8
6,6,6
37869753@N06,4844
11,13,19,28,25,27,15,4,24,16,30,12
6,6,6,6,6,6,6,6,6,6,6,6
84601962@N00,10215
30,23,22
6,6,6
36942952@N00,4650
30,29,31,22
6,6,6,6
8347765@N06,9967
30,31,22
6,6,6
9414486@N03,11105
30,20,13,29,22
6,6,6,6,6
23720661@N08,2732
26,16,29,18,28,21
6,6,6,6,6,6
54594385@N04,6948
26,28,29,21
6,6,6,6
52892088@N02,6855
26,29,1,28,23,19,20,22,14,10,3,21
6,6,6,6,6,6,6,6,6,6,6,6
27813472@N00,3466
26,31,16,21
6,6,6,6
22774022@N07,2308
26,29,21
6,6,6
23212779@N04,2579
26,3,12,20,29,21
6,6,6,6,6,6
24503701@N02,2937
26,13,22,21
6,6,6,6
43246079@N05,5740
26,18,12,13,21
6,6,6,6,6
91227166@N06,10800
26,29,20,11,21
6,6,6,6,6
93273458@N00,11037
16,20,6,4
6,6,6,6
27934342@N00,3510
12,21,30,25
6,6,6,6
49165041@N00,6400
12,30,24,27,22,28,26,16,17,15,23,18,29,20,3,25
6,6,6,6,6,6,6,6,6,6,6,6,6,6,6,6
95611942@N00,11231
21,28,29,1
6,6,6,6
22309110@N03,2241
21,28,1
6,6,6
10136713@N00,50
21,28,1
6,6,6
63520495@N08,7983
21,28,25,1
6,6,6,6
22309110@N03,2253
21,26,28,18,1
6,6,6,6,6
7680756@N08,9157
21,26,16,28,1
6,6,6,6,6
77249045@N07,9245
28,17,7
6,6,6
62102776@N02,7695
28,24,7
6,6,6
44124473586@N01,5887
28,12,30,27,16,15,13,25,5,7
6,6,6,6,6,6,6,6,6,6
78832226@N00,9366
28,13,26,7
6,6,6,6
8021465@N08,9603
28,1,7
6,6,6
89857381@N04,10625
28,29,7
6,6,6
91405970@N00,10824
28,18,19,29,20,22,27,15,16,21,5,7
6,6,6,6,6,6,6,6,6,6,6,6
97137858@N00,11400
28,16,26,7
6,6,6,6
67406704@N00,8432
24,26,15,27
6,6,6,6
30844146@N02,3858
24,12,5,21,3,25,30,28,1,15,27
6,6,6,6,6,6,6,6,6,6,6
60861613@N00,7545
24,16,1,11,7,3,13,15,27
6,6,6,6,6,6,6,6,6
92248782@N00,10925
24,21,4,3,13,27
6,6,6,6,6,6
32715761@N00,4070
24,12,27
6,6,6
70059755@N00,8588
24,12,13,16,28,26,21,4,25,15,27
6,6,6,6,6,6,6,6,6,6,6
23684642@N08,2699
26,28,29,12
6,6,6,6
81232363@N00,9694
26,4,12
6,6,6
29259314@N04,3646
26,30,12
6,6,6
36942952@N00,4649
26,25,13,20,12
6,6,6,6,6
40291653@N08,5365
26,16,15,24,12
6,6,6,6,6
12793852@N00,1026
6,28,16,26,8,4,21,30,29
6,6,6,6,6,6,6,6,6
35263184@N05,4424
13,21,3,18
6,6,6,6
19714819@N00,1849
13,25,29,18
6,6,6,6
23807199@N00,2776
26,29,18
6,6,6
35172613@N00,4406
26,16,24,17,30,18
6,6,6,6,6,6
42504117@N06,5621
26,8,20,14,18
6,6,6,6,6
44124426205@N01,5879
26,15,18
6,6,6
50267281@N07,6594
26,15,18
6,6,6
61258745@N03,7610
26,20,29,18
6,6,6,6
72589879@N00,8762
26,28,18
6,6,6
95383339@N07,11211
6,5,28
6,6,6
38067879@N08,4904
6,29,28
6,6,6
49165041@N00,6412
24,26,28,16
6,6,6,6
29013352@N06,3621
24,27,29,30,16
6,6,6,6,6
49165041@N00,6416
4,5,28,26,30,20,29
6,6,6,6,6,6,6
53365974@N00,6882
30,20,22,31,29
6,6,6,6,6
9858951@N03,11595
30,28,29
6,6,6
73105116@N00,8873
30,28,29
6,6,6
62783804@N05,7859
30,31,20,29
6,6,6,6
33213804@N04,4153
30,3,7,29
6,6,6,6
44124377471@N01,5857
30,14,29
6,6,6
51968610@N05,6795
30,26,13,4,21,16,17,1,29
6,6,6,6,6,6,6,6,6
15499532@N06,1600
30,1,27,10,19,29
6,6,6,6,6,6
28977679@N02,3613
30,6,16,1,17,15,18,29
6,6,6,6,6,6,6,6
37382345@N08,4745
30,12,28,29
6,6,6,6
55779593@N00,7083
30,16,27,12,3,5,29
6,6,6,6,6,6,6
40262057@N06,5358
30,18,12,17,29
6,6,6,6,6
55217458@N00,7007
11,30,27
6,6,6
96430093@N05,11343
4,19,3
6,6,6
45352977@N05,6033
6,26,30,16
6,6,6,6
49165041@N00,6421
6,10,16
6,6,6
19017254@N03,1798
6,7,16
6,6,6
48163256@N02,6272
6,18,24,31,29,16
6,6,6,6,6,6
22309110@N03,2117
11,28,21,13,25,1,26,4,14,22,8,6,7
6,6,6,6,6,6,6,6,6,6,6,6,6
41996875@N05,5555
20,19,29,14,22,24,5,7,8
6,6,6,6,6,6,6,6,6
23866387@N03,2818
20,24,4,3,27,17,8
6,6,6,6,6,6,6
54567575@N00,6941
20,13,8
6,6,6
23673310@N02,2692
4,28,16,29,22
6,6,6,6,6
26153219@N00,3185
17,4,18
6,6,6
80687988@N00,9657
17,20,23,3,27,15,12,26,14,22,29,31,30,19,18
6,6,6,6,6,6,6,6,6,6,6,6,6,6,6
22191840@N00,2087
17,26,8,13,18
6,6,6,6,6
32493439@N00,4040
17,13,7,15,18
6,6,6,6,6
48889068621@N01,6367
17,24,16,18
6,6,6,6
51035738424@N01,6683
17,26,7,10
6,6,6,6
9414677@N06,11106
1,28,26,23,18,20,21,12,16,8
6,6,6,6,6,6,6,6,6,6
37382345@N08,4764
1,27,21,26,7,28,4,8
6,6,6,6,6,6,6,6
48731805@N02,6320
1,13,15,8
6,6,6,6
63106298@N02,7933
1,26,8
6,6,6
8022297@N02,9606
1,26,15,28,6,8
6,6,6,6,6,6
98352952@N02,11543
1,3,7,10,11,21,18,16,26,29,13,8
6,6,6,6,6,6,6,6,6,6,6,6
23951075@N06,2845
27,28,29,20,7,3
6,6,6,6,6,6
87358743@N00,10411
1,10,3,25,23,31,30,28,26,12,16,29,20
6,6,6,6,6,6,6,6,6,6,6,6,6
40262057@N06,5352
1,21,26,16,20
6,6,6,6,6
73802184@N00,8932
1,29,28,20
6,6,6,6
61258745@N03,7600
1,31,30,26,14,27,20
6,6,6,6,6,6,6
70698203@N00,8620
1,28,14,20
6,6,6,6
13168981@N04,1108
1,28,26,31,20
6,6,6,6,6
15935500@N02,1635
1,28,29,20
6,6,6,6
23720661@N08,2730
1,28,29,20
6,6,6,6
58938245@N00,7291
1,28,30,20
6,6,6,6
23837366@N00,2791
1,28,19,31,29,26,22,14,20
6,6,6,6,6,6,6,6,6
27813472@N00,3472
1,28,20
6,6,6
37763182@N03,4832
1,11,20
6,6,6
38235069@N00,4980
1,17,20
6,6,6
39146060@N00,5219
1,15,21,23,29,20
6,6,6,6,6,6
40910200@N06,5466
1,8,5,3,26,30,11,7,20
6,6,6,6,6,6,6,6,6
63383881@N07,7958
1,18,20
6,6,6
78832226@N00,9367
1,28,26,30,20
6,6,6,6,6
79172203@N00,9463
1,28,29,26,23,30,20
6,6,6,6,6,6,6
8348059@N02,9969
1,26,29,20
6,6,6,6
89857381@N04,10615
1,29,20
6,6,6
89857381@N04,10621
18,24,20,26,1
6,6,6,6,6
77967578@N00,9297
18,23,1
6,6,6
44412893@N02,5910
18,12,23,1
6,6,6,6
49059899@N00,6396
18,19,26,11,27,16,1
6,6,6,6,6,6,6
8502118@N08,10233
18,19,16,28,21,3,26,23,1
6,6,6,6,6,6,6,6,6
9858951@N03,11560
19,18,23,28,26,11,10,9,6,7,31,29,20,22,14
6,6,6,6,6,6,6,6,6,6,6,6,6,6,6
27813472@N00,3452
16,3,29,20,28,31,21,22,30,26
6,6,6,6,6,6,6,6,6,6
20319059@N06,1875
16,18,29,31,13,26
6,6,6,6,6,6
22325101@N00,2267
16,1,28,29,26
6,6,6,6,6
23693552@N03,2713
16,17,26
6,6,6
25728552@N00,3131
16,17,26
6,6,6
95356654@N00,11209
16,27,28,18,26
6,6,6,6,6
29709298@N02,3726
16,20,26
6,6,6
41266898@N04,5509
16,9,10,26
6,6,6,6
42504117@N06,5615
16,27,15,17,26
6,6,6,6,6
52015062@N00,6802
16,27,20,29,26
6,6,6,6,6
57991930@N07,7211
16,12,3,10,20,29,26
6,6,6,6,6,6,6
67246822@N00,8416
16,25,12,18,20,22,26
6,6,6,6,6,6,6
72589879@N00,8761
16,10,26
6,6,6
8386875@N06,10093
16,13,26
6,6,6
92237387@N00,10921
16,28,26
6,6,6
56279017@N03,7101
16,19,25,13,22
6,6,6,6,6
65883612@N08,8244
16,24,26,18,23,29,28,19,30,20,22
6,6,6,6,6,6,6,6,6,6,6
23684642@N08,2700
16,27,26,22
6,6,6,6
79172203@N00,9473
16,15,12,24,21,5,9,11,30,29,20,22
6,6,6,6,6,6,6,6,6,6,6,6
35795945@N02,4473
16,8,25,26,27,11,18,19,24,29,22
6,6,6,6,6,6,6,6,6,6,6
65374071@N00,8199
18,7,1,28,4,25,17,23,29
6,6,6,6,6,6,6,6,6
23807199@N00,2773
18,26,31,29
6,6,6,6
21534233@N00,1994
18,25,28,29
6,6,6,6
22309110@N03,2122
18,17,29
6,6,6
45352977@N05,6040
18,3,26,16,29
6,6,6,6,6
79172203@N00,9459
18,26,29
6,6,6
87942779@N00,10465
18,28,1,29
6,6,6,6
9858951@N03,11621
3,4,11,29
6,6,6,6
21541710@N00,1995
3,25,23,28,29
6,6,6,6,6
79172203@N00,9474
3,25,21,13,23,29
6,6,6,6,6,6
79172203@N00,9408
3,17,29
6,6,6
31949792@N00,3950
28,26,5
6,6,6
102953813@N07,204
28,26,29,20,1,5
6,6,6,6,6,6
45749280@N00,6063
28,26,16,21,25,13,9,5
6,6,6,6,6,6,6,6
50972822@N08,6661
28,3,7,21,5
6,6,6,6,6
88719648@N00,10521
13,15,30,12,21
6,6,6,6,6
62121361@N03,7713
13,1,19,29,20,22,16,3,21
6,6,6,6,6,6,6,6,6
75941851@N00,9089
10,28,26,5,8,12,24,15,21,25,13,30,23,19
6,6,6,6,6,6,6,6,6,6,6,6,6,6
38387241@N02,5004
10,29,20,19
6,6,6,6
51652132@N04,6775
10,29,19
6,6,6
19712216@N08,1847
27,18,22,5
6,6,6,6
57991930@N07,7213
24,10,30,20
6,6,6,6
90055788@N00,10675
24,26,4,3,25,13,1,20
6,6,6,6,6,6,6,6
93649382@N00,11083
24,12,30,20
6,6,6,6
13818837@N05,1237
24,26,20
6,6,6
18753948@N00,1781
24,27,26,4,22,30,29,23,10,20
6,6,6,6,6,6,6,6,6,6
69574134@N00,8565
24,1,29,31,20
6,6,6,6,6
26874770@N06,3281
20,28,12
6,6,6
27116474@N08,3330
20,26,12
6,6,6
38116435@N00,4940
20,1,28,16,15,24,12
6,6,6,6,6,6,6
79172203@N00,9457
28,29,1,26,23,30,31,22
6,6,6,6,6,6,6,6
55559255@N00,7075
28,24,12,29,20,31,14,22
6,6,6,6,6,6,6,6
13312992@N06,1124
28,13,22
6,6,6
21242794@N08,1956
28,31,30,22
6,6,6,6
23205379@N02,2458
28,16,26,5,4,21,11,13,30,22
6,6,6,6,6,6,6,6,6,6
29507492@N07,3711
28,24,29,22
6,6,6,6
33803664@N06,4229
28,23,22
6,6,6
37869753@N06,4872
28,27,20,22
6,6,6,6
42912996@N00,5634
28,26,22
6,6,6
46277726@N00,6134
28,7,13,31,22
6,6,6,6,6
72171460@N00,8733
28,24,20,12,21,13,14,31,30,22
6,6,6,6,6,6,6,6,6,6
51903736@N00,6793
16,29,24
6,6,6
67892147@N00,8461
16,26,24
6,6,6
77249045@N07,9233
16,18,13,24
6,6,6,6
23119895@N00,2422
16,15,24
6,6,6
10858077@N00,353
16,26,19,3
6,6,6,6
82418556@N00,9828
16,27,9,6,15,3
6,6,6,6,6,6
105745254@N04,295
16,6,11,3
6,6,6,6
71502979@N00,8704
16,26,3
6,6,6
97747865@N00,11468
30,18,29,20,25,28,26,16,24,17,23
6,6,6,6,6,6,6,6,6,6,6
10182842@N08,69
30,29,20,9,1,28,31,24,12,22,26,23
6,6,6,6,6,6,6,6,6,6,6,6
53610434@N07,6894
30,28,26,12,23
6,6,6,6,6
20493744@N00,1913
30,16,23
6,6,6
10182842@N08,102
30,22,16,27,24,1,18,23
6,6,6,6,6,6,6,6
8565602@N03,10257
13,25,7,11,4
6,6,6,6,6
48889068621@N01,6373
29,17,26
6,6,6
14877255@N04,1501
29,25,26
6,6,6
16591891@N00,1679
29,22,26
6,6,6
33063488@N02,4116
29,12,17,15,8,26
6,6,6,6,6,6
42837274@N07,5627
29,10,27,26
6,6,6,6
50401006@N08,6615
29,17,16,20,26
6,6,6,6,6
65651806@N00,8224
29,20,25,26
6,6,6,6
79172203@N00,9421
29,18,26
6,6,6
79172203@N00,9449
29,3,12,26
6,6,6,6
7988769@N08,9564
29,30,26
6,6,6
49165041@N00,6404
29,28,16,1,26
6,6,6,6,6
48889068621@N01,6358
29,15,17,16,26
6,6,6,6,6
43232455@N07,5732
24,26,30,14
6,6,6,6
85882671@N00,10276
4,13,6,26
6,6,6,6
12241674@N03,849
29,31,22,21,3,11,30,14
6,6,6,6,6,6,6,6
64576282@N00,8125
29,15,17,19,11,5,22,20,14
6,6,6,6,6,6,6,6,6
48889068621@N01,6375
29,1,28,26,30,24,15
6,6,6,6,6,6,6
49165041@N00,6419
29,18,15
6,6,6
35068332@N00,4392
29,28,24,15
6,6,6,6
72043907@N00,8732
29,20,15
6,6,6
31641212@N05,3918
17,18,13
6,6,6
92334226@N00,10932
17,18,13
6,6,6
25854008@N00,3146
15,17,25,26,29,22
6,6,6,6,6,6
29311223@N00,3656
11,31,29,20
6,6,6,6
37382345@N08,4747
15,26,28,20
6,6,6,6
13818837@N05,1235
15,28,20
6,6,6
69271250@N00,8555
15,31,29,28,1,26,3,21,25,24,18,20
6,6,6,6,6,6,6,6,6,6,6,6
23866387@N03,2822
15,29,20
6,6,6
39146060@N00,5199
15,29,22,25,20
6,6,6,6,6
48600113426@N01,6313
29,30,17,27,18,26,7,16,20
6,6,6,6,6,6,6,6,6
57665635@N00,7160
29,26,28,20
6,6,6,6
42912996@N00,5641
29,30,4,16,26,27,3,20
6,6,6,6,6,6,6,6
23322134@N02,2620
29,31,14,13,28,24,25,15,20
6,6,6,6,6,6,6,6,6
22316898@N07,2266
29,1,20
6,6,6
36330825967@N01,4568
29,16,1,20
6,6,6,6
63104689@N03,7905
29,25,20
6,6,6
64985588@N06,8167
29,28,20
6,6,6
71486434@N00,8687
29,30,20
6,6,6
93273458@N00,11047
29,25,13,20
6,6,6,6
79172203@N00,9438
12,23,11,28,16,27,5,1,26,7,31
6,6,6,6,6,6,6,6,6,6,6
10259875@N03,177
12,8,6,31
6,6,6,6
9858951@N03,11556
12,16,28,1,19,30,23,29,31
6,6,6,6,6,6,6,6,6
95061722@N00,11185
22,24,3,26,18
6,6,6,6,6
77967578@N00,9301
22,29,25,21,28,1,18
6,6,6,6,6,6,6
36942952@N00,4638
22,1,28,18
6,6,6,6
37908430@N02,4877
22,29,1,11,4,3,24,12,17,16,27,28,18
6,6,6,6,6,6,6,6,6,6,6,6,6
102953813@N07,205
22,23,18
6,6,6
11806003@N05,602
24,21,25,3,12,23,18,29,31,20,22
6,6,6,6,6,6,6,6,6,6,6
9858951@N03,11583
24,16,13,6,19,22
6,6,6,6,6,6
92692548@N02,10967
17,19,15
6,6,6
36330825967@N01,4569
17,28,15
6,6,6
38235069@N00,4965
17,23,19,20,31,22,3,25,10,1,28,16,15,29,26
6,6,6,6,6,6,6,6,6,6,6,6,6,6,6
71486434@N00,8690
17,16,10,29,3,24,28,26
6,6,6,6,6,6,6,6
76665138@N00,9151
17,25,7,30,28,1,26
6,6,6,6,6,6,6
35237090871@N01,4412
17,9,24,31,20,29,28,8,4,11,30,6,10,26
6,6,6,6,6,6,6,6,6,6,6,6,6,6
24528629@N06,2943
17,28,1,25,16,15,26
6,6,6,6,6,6,6
23097875@N00,2381
17,27,30,18,16,26
6,6,6,6,6,6
44795208@N00,5933
17,24,1,29,14,13,25,26
6,6,6,6,6,6,6,6
71455873@N00,8684
17,8,25,26
6,6,6,6
93273458@N00,11043
28,12,20
6,6,6
37258140@N04,4692
28,12,24,26,29,20
6,6,6,6,6,6
32927192@N00,4099
28,16,8,26,20
6,6,6,6,6
37382345@N08,4760
28,18,1,26,20
6,6,6,6,6
37382345@N08,4761
28,18,23,26,16,12,21,25,13,11,10,30,29,20
6,6,6,6,6,6,6,6,6,6,6,6,6,6
38235069@N00,4991
28,5,12,20
6,6,6,6
40563308@N02,5386
28,13,20
6,6,6
46050386@N03,6114
28,26,20
6,6,6
47423151@N06,6215
28,15,20
6,6,6
7340027@N06,8889
28,15,20
6,6,6
82418556@N00,9818
28,25,20
6,6,6
82418556@N00,9796
28,17,20
6,6,6
87358743@N00,10413
28,19,13,23,20
6,6,6,6,6
92859439@N06,10984
28,1,15,25,18,26,20
6,6,6,6,6,6,6
45267362@N03,5996
28,18,1,20
6,6,6,6
42912996@N00,5652
28,22,14,20
6,6,6,6
37869753@N06,4842
28,1,20
6,6,6
36330825967@N01,4578
28,26,23,17,22,20
6,6,6,6,6,6
24736628@N05,2974
28,15,22,20
6,6,6,6
18753948@N00,1776
31,28,26,20,29,19,18,12,13,3,21,5
6,6,6,6,6,6,6,6,6,6,6,6
23951075@N06,2848
24,28,18,20,26,6,3,21,30
6,6,6,6,6,6,6,6,6
100373287@N02,6
24,26,12,30
6,6,6,6
50198110@N00,6583
24,12,30
6,6,6
62121361@N03,7702
24,11,30
6,6,6
91604003@N02,10844
24,1,26,20,29,30
6,6,6,6,6,6
59538487@N00,7421
1,28,13
6,6,6
38235069@N00,4983
1,28,13
6,6,6
92599451@N08,10950
1,7,13
6,6,6
10129939@N08,41
1,17,15,24,11,3,13
6,6,6,6,6,6,6
102953813@N07,207
1,3,7,13
6,6,6,6
115394627@N08,532
1,28,26,25,13
6,6,6,6,6
36121294@N06,4520
1,21,13
6,6,6
37382345@N08,4753
1,27,12,14,13
6,6,6,6,6
39101963@N00,5188
1,30,29,31,26,5,13
6,6,6,6,6,6,6
39311404@N00,5234
1,16,26,13
6,6,6,6
39471939@N00,5252
1,26,30,17,21,13
6,6,6,6,6,6
74122389@N07,8957
1,28,24,13
6,6,6,6
75992475@N02,9095
1,28,16,26,27,17,29,23,25,13
6,6,6,6,6,6,6,6,6,6
79172203@N00,9488
1,28,26,29,25,13
6,6,6,6,6,6
81232363@N00,9693
1,20,13
6,6,6
90761069@N08,10755
1,3,21,4,15,24,10,13
6,6,6,6,6,6,6,6
94363051@N00,11114
1,16,26,8,13
6,6,6,6,6
51172115@N00,6711
1,19,16,27,5,4,13
6,6,6,6,6,6,6
93467796@N03,11060
1,26,5,8,13
6,6,6,6,6
88537228@N00,10510
6,7,5,11,3,21,8,18,23,19,29,20,30,12,25,13,26,28,1,15,24
6,6,6,6,6,6,6,6,6,6,6,6,6,6,6,6,6,6,6,6,6
79172203@N00,9434
6,11,26,13,3,1,24
6,6,6,6,6,6,6
85864407@N08,10272
16,15,26,7
6,6,6,6
107470608@N03,336
16,23,11,7
6,6,6,6
32289743@N03,3995
16,4,7
6,6,6
32783264@N08,4078
16,15,4,7
6,6,6,6
42837274@N07,5626
16,26,7
6,6,6
43554368@N08,5773
16,30,20,7
6,6,6,6
97632346@N06,11452
16,4,3,10,25,14,26,15,7
6,6,6,6,6,6,6,6,6
48108659@N00,6263
26,21,13,6
6,6,6,6
25360342@N02,3100
26,16,28,15,6
6,6,6,6,6
63106298@N02,7948
26,24,16,17,6
6,6,6,6,6
73621375@N00,8914
26,12,13,8,24,4,31,22,19,7,1,6
6,6,6,6,6,6,6,6,6,6,6,6
12482362@N04,935
16,21,23
6,6,6
18082086@N00,1755
16,28,29,23
6,6,6,6
21748548@N00,2029
18,17,15,21,11,26,3
6,6,6,6,6,6,6
50267281@N07,6602
18,30,16,3
6,6,6,6
8386875@N06,10046
29,30,26,7
6,6,6,6
37763182@N03,4810
29,20,28,4,11,7
6,6,6,6,6,6
89857381@N04,10631
29,20,14,28,16,1,27,21,5,8,26,13,7
6,6,6,6,6,6,6,6,6,6,6,6,6
101055171@N03,32
29,23,11,28,21,13,7
6,6,6,6,6,6,6
40732565660@N01,5445
26,29,30,20,28
6,6,6,6,6
99855129@N00,11749
26,13,1,28
6,6,6,6
123177436@N08,884
26,13,4,21,25,30,28
6,6,6,6,6,6,6
24509213@N00,2939
26,24,28
6,6,6
73436623@N05,8902
26,19,22,28
6,6,6,6
92237387@N00,10922
26,16,1,28
6,6,6,6
14280234@N04,1357
26,6,9,3,13,21,15,1,29,28
6,6,6,6,6,6,6,6,6,6
10182842@N08,68
26,1,3,12,25,13,30,23,29,28
6,6,6,6,6,6,6,6,6,6
10182842@N08,101
26,4,28
6,6,6
10182842@N08,110
26,9,4,30,28
6,6,6,6,6
10182842@N08,119
26,1,25,28
6,6,6,6
11949829@N04,660
26,21,25,28
6,6,6,6
18884029@N00,1789
26,21,25,28
6,6,6,6
96799583@N00,11389
26,15,28
6,6,6
23205379@N02,2448
26,4,21,7,29,28
6,6,6,6,6,6
23951075@N06,2844
26,8,7,21,3,28
6,6,6,6,6,6
23951075@N06,2849
26,18,28
6,6,6
24850040@N07,3011
26,16,3,25,12,28
6,6,6,6,6,6
36244940@N07,4540
26,24,15,13,31,30,20,22,14,18,23,28
6,6,6,6,6,6,6,6,6,6,6,6
38235069@N00,4985
26,7,5,3,29,28
6,6,6,6,6,6
39438001@N00,5248
26,7,22,28
6,6,6,6
46353666@N03,6159
26,1,8,28
6,6,6,6
52615621@N07,6833
26,23,18,28
6,6,6,6
57667450@N03,7166
26,24,12,6,28
6,6,6,6,6
62121361@N03,7701
26,23,29,16,15,3,28
6,6,6,6,6,6,6
76151808@N00,9110
26,22,30,28
6,6,6,6
77120147@N06,9180
26,13,20,29,18,31,28
6,6,6,6,6,6,6
7730953@N08,9251
26,27,10,22,31,14,29,1,16,13,28
6,6,6,6,6,6,6,6,6,6,6
83209367@N00,9919
26,13,28
6,6,6
45352977@N05,6029
26,16,25,28
6,6,6,6
22309110@N03,2134
26,12,1,28
6,6,6,6
48418487@N02,6300
26,30,10,29,23,1,13,28
6,6,6,6,6,6,6,6
9858951@N03,11599
26,24,3,28
6,6,6,6
77249045@N07,9243
11,31,30,29,20,5,21,12,17,1,28,16,23,26,6
6,6,6,6,6,6,6,6,6,6,6,6,6,6,6
67093054@N00,8408
15,12,24
6,6,6
54594385@N04,6947
15,27,17,24
6,6,6,6
26874770@N06,3283
15,1,28,20,18,22,24
6,6,6,6,6,6,6
8298711@N08,9906
15,28,14,22,20,30,24
6,6,6,6,6,6,6
24207284@N03,2891
19,23,26,29
6,6,6,6
70319699@N05,8599
12,21,7,10
6,6,6,6
33308929@N04,4185
12,30,29,18,26,11,10
6,6,6,6,6,6,6
40563308@N02,5400
14,22,18
6,6,6
73436623@N05,8900
14,26,15
6,6,6
65106121@N00,8185
14,29,23,15
6,6,6,6
99193556@N06,11694
14,20,12,28,15
6,6,6,6,6
92599451@N08,10951
14,23,17,16,15
6,6,6,6,6
8039966@N05,9634
4,3,1,19,20
6,6,6,6,6
27388187@N07,3377
20,19,28,13,7,30,18,27
6,6,6,6,6,6,6,6
44124377471@N01,5861
20,28,23,18,30,29,1,27
6,6,6,6,6,6,6,6
65404669@N02,8201
20,28,29,25,16,3,27
6,6,6,6,6,6,6
79172203@N00,9405
30,1,13
6,6,6
49853465@N00,6557
30,25,13
6,6,6
85428086@N00,10250
30,3,26,5,23,13
6,6,6,6,6,6
63014850@N00,7900
30,31,29,16,13
6,6,6,6,6
69301930@N03,8559
26,18,23,19,29,22,1,28,20,13,30,10
6,6,6,6,6,6,6,6,6,6,6,6
62433076@N00,7762
26,28,10
6,6,6
10635134@N00,312
26,17,20,10
6,6,6,6
19712216@N08,1838
26,18,23,19,30,29,31,22,10
6,6,6,6,6,6,6,6,6
79172203@N00,9445
26,21,18,23,19,10
6,6,6,6,6,6
9858951@N03,11566
1,26,23,29,31,22,30,3,24,12
6,6,6,6,6,6,6,6,6,6
10182842@N08,126
1,22,21,12
6,6,6,6
120040317@N03,675
1,26,12
6,6,6
135451172@N07,1167
1,24,12
6,6,6
23322134@N02,2618
1,16,26,28,18,31,29,12
6,6,6,6,6,6,6,6
27813472@N00,3483
1,28,18,29,20,25,13,12
6,6,6,6,6,6,6,6
45749280@N00,6062
1,26,9,20,12
6,6,6,6,6
64822977@N00,8154
1,13,24,26,10,11,12
6,6,6,6,6,6,6
54956677@N08,6986
16,31,25,18,26,3,28,29
6,6,6,6,6,6,6,6
68126271@N03,8481
16,1,21,28,15,12,24,17,14,22,29
6,6,6,6,6,6,6,6,6,6,6
99244170@N03,11697
16,26,20,22,19,28,23,29
6,6,6,6,6,6,6,6
85583013@N04,10252
16,27,8,23,17,15,29
6,6,6,6,6,6,6
18114679@N00,1756
16,26,29
6,6,6
10196023@N00,136
16,26,29
6,6,6
62121361@N03,7712
16,27,19,29
6,6,6,6
30573133@N00,3821
16,22,29
6,6,6
51968610@N05,6798
5,6,26,28,11,4,7
6,6,6,6,6,6,6
62392176@N00,7747
5,3,7
6,6,6
89388079@N07,10578
5,27,7
6,6,6
27365671@N00,3368
30,13,1,7
6,6,6,6
20420206@N07,1911
30,29,25,13,26,11,21,23,31,27,6,3,12,5,28,17,20,16,1,7
6,6,6,6,6,6,6,6,6,6,6,6,6,6,6,6,6,6,6,6
13644648@N03,1204
30,20,7
6,6,6
36330825967@N01,4547
5,17,25,28,26
6,6,6,6,6
43726999@N06,5807
5,3,12,22,30,18,26
6,6,6,6,6,6,6
40563308@N02,5385
5,11,24,29,31,18,12,4,28,26
6,6,6,6,6,6,6,6,6,6
43317782@N00,5755
3,5,9,26,6,8,10,18,23,28,31,30,29,20,15
6,6,6,6,6,6,6,6,6,6,6,6,6,6,6
31794493@N00,3935
26,17,3,5
6,6,6,6
24122903@N00,2878
26,15,7,3,11,4,5
6,6,6,6,6,6,6
41453183@N05,5518
26,3,9,5
6,6,6,6
46631270@N00,6169
26,29,18,30,1,5
6,6,6,6,6,6
48275668@N02,6289
23,9,13
6,6,6
73802184@N00,8936
23,30,4,3,13
6,6,6,6,6
83286805@N00,9937
26,28,30,23
6,6,6,6
125508504@N03,960
26,24,17,18,23
6,6,6,6,6
10450800@N03,256
26,30,23
6,6,6
30141170@N07,3770
26,18,15,28,23
6,6,6,6,6
31254726@N03,3886
26,5,3,18,22,23
6,6,6,6,6,6
36942952@N00,4653
26,21,23
6,6,6
58668786@N00,7274
26,30,29,23
6,6,6,6
73621375@N00,8921
26,12,28,18,1,29,23
6,6,6,6,6,6,6
9858951@N03,11647
26,28,23
6,6,6
31429576@N04,3902
26,17,23
6,6,6
39953677@N06,5304
26,8,20,23
6,6,6,6
41516706@N03,5529
18,29,20,28,19
6,6,6,6,6
61258745@N03,7590
23,22,26,28,1,18
6,6,6,6,6,6
38235069@N00,4978
23,26,30,18
6,6,6,6
71969256@N00,8728
23,26,21,25,16,29,19,18
6,6,6,6,6,6,6,6
99855129@N00,11746
13,29,31,26,28,21,4,7,12
6,6,6,6,6,6,6,6,6
23654380@N00,2687
13,21,12
6,6,6
10182842@N08,103
13,26,12
6,6,6
93273458@N00,11050
13,4,22,29,18,1,28,16,12
6,6,6,6,6,6,6,6,6
48096279@N00,6252
13,23,28,16,27,12
6,6,6,6,6,6
7906627@N04,9381
19,22,24,12,17,25
6,6,6,6,6,6
40262057@N06,5348
19,29,25
6,6,6
61763311@N00,7651
19,18,16
6,6,6
38116435@N00,4942
19,26,29,22,16
6,6,6,6,6
97653878@N07,11458
17,28,20
6,6,6
63689406@N00,8021
17,23,20
6,6,6
30441069@N05,3802
17,1,28,18,22,26,23,12,20
6,6,6,6,6,6,6,6,6
24850040@N07,3003
17,12,20
6,6,6
42912996@N00,5633
17,4,26,5,3,21,18,20
6,6,6,6,6,6,6,6
130979231@N04,1081
3,15,12,24,29,22,7,9,6,26,10,21,4,28,30
6,6,6,6,6,6,6,6,6,6,6,6,6,6,6
23866387@N03,2811
3,18,28,14,8,30
6,6,6,6,6,6
58667572@N00,7272
10,30,1,28,26,29,20
6,6,6,6,6,6,6
71486434@N00,8685
10,7,26,16,28,23,29,20
6,6,6,6,6,6,6,6
40262057@N06,5354
10,22,6,7,13,24,18,19,17,23,26,16,31,20
6,6,6,6,6,6,6,6,6,6,6,6,6,6
47728175@N00,6235
6,26,3,21,5,8
6,6,6,6,6,6
96722532@N03,11375
22,31,10,14,28,1,24
6,6,6,6,6,6,6
29251788@N07,3640
22,12,24
6,6,6
86684445@N00,10344
22,29,27,24
6,6,6,6
28980639@N02,3618
22,21,25,13,15,1,28,18,23,29,20,30,31,11,12,27,17,16,26,19,24
6,6,6,6,6,6,6,6,6,6,6,6,6,6,6,6,6,6,6,6,6
38690067@N04,5023
26,18,7
6,6,6
56946277@N00,7120
26,16,27,28,23,20,7
6,6,6,6,6,6,6
8347765@N06,9957
8,5,6
6,6,6
15935500@N02,1628
29,26,21,3,25
6,6,6,6,6
73565702@N00,8908
29,30,26,16,25
6,6,6,6,6
79172203@N00,9443
29,6,21,25
6,6,6,6
8838280@N07,10497
29,7,6,13,25
6,6,6,6,6
40868192@N07,5454
29,20,16,28,1,26,23,18,31,22,30,8,25
6,6,6,6,6,6,6,6,6,6,6,6,6
29764570@N00,3734
29,28,1,26,15,25
6,6,6,6,6,6
59538487@N00,7437
29,20,30,9,5,18,8,27,17,25
6,6,6,6,6,6,6,6,6,6
78832226@N00,9369
29,31,22,26,16,28,1,6,7,24,15,17,21,25
6,6,6,6,6,6,6,6,6,6,6,6,6,6
23089307@N02,2379
29,21,25
6,6,6
79172203@N00,9478
29,7,6
6,6,6
40144079@N00,5341
29,20,30,6
6,6,6,6
52654544@N00,6836
29,27,12,26,3,16,25,21,28,1,6
6,6,6,6,6,6,6,6,6,6,6
15474023@N03,1593
4,28,1
6,6,6
39953677@N06,5303
13,8,17,15,24,12,3,21,4,5,11,7,6,26,30,22,14,20,29,18,16,23,19
6,6,6,6,6,6,6,6,6,6,6,6,6,6,6,6,6,6,6,6,6,6,6
22191840@N00,2085
13,20,19
6,6,6
77120147@N06,9175
13,4,5,28,16,26,19
6,6,6,6,6,6,6
95061722@N00,11183
7,4,21
6,6,6
130777482@N08,1073
7,24,21
6,6,6
64576282@N00,8121
16,10,9,21
6,6,6,6
22809375@N06,2311
16,29,21
6,6,6
36911028@N00,4625
16,28,21
6,6,6
37763182@N03,4819
16,24,15,12,21
6,6,6,6,6
53079384@N06,6867
16,26,1,21
6,6,6,6
79172203@N00,9503
22,20,31
6,6,6
43195725@N00,5715
22,20,28,16,26,30,29,31
6,6,6,6,6,6,6,6
79172203@N00,9418
29,24,30
6,6,6
11429691@N03,500
29,28,30
6,6,6
83286805@N00,9922
29,16,30
6,6,6
9053157@N02,10720
29,20,16,26,30
6,6,6,6,6
63106298@N02,7916
30,7,6,28,31
6,6,6,6,6
23866387@N03,2826
30,22,6,7,21,24,13,11,31
6,6,6,6,6,6,6,6,6
51427230@N02,6744
30,13,29,19,12,24,22,31
6,6,6,6,6,6,6,6
15935500@N02,1627
30,26,29,31
6,6,6,6
34207923@N02,4310
30,29,31
6,6,6
64405577@N00,8087
30,19,29,10,3,16,12,26,31
6,6,6,6,6,6,6,6,6
94734319@N00,11149
30,7,29,31
6,6,6,6
84304983@N08,10175
14,28,16,7,6,13
6,6,6,6,6,6
9744114@N08,11429
1,6,7,5
6,6,6,6
88719648@N00,10522
15,13,30,3
6,6,6,6
99608747@N00,11732
15,28,11,3
6,6,6,6
25449594@N07,3107
15,18,16,4,21,5,25,13,3
6,6,6,6,6,6,6,6,6
27609173@N03,3429
15,28,27,31,20,29,26,6,21,3
6,6,6,6,6,6,6,6,6,6
93538039@N06,11076
27,26,25
6,6,6
11836258@N05,605
27,16,29,30,22,25
6,6,6,6,6,6
30141170@N07,3768
27,16,1,26,25
6,6,6,6,6
99591369@N06,11728
27,15,16,26,25
6,6,6,6,6
45352977@N05,6026
1,22,31,12,25,20,24,17,28,10,30,26,15
6,6,6,6,6,6,6,6,6,6,6,6,6
129181069@N07,1046
1,28,26,13,15
6,6,6,6,6
10182842@N08,80
1,28,27,17,15
6,6,6,6,6
12423353@N02,911
1,28,26,16,3,21,15
6,6,6,6,6,6,6
30894945@N04,3865
1,26,21,12,17,15
6,6,6,6,6,6
33063488@N02,4112
1,30,18,26,29,20,16,15
6,6,6,6,6,6,6,6
40563308@N02,5389
1,28,26,23,18,19,25,15
6,6,6,6,6,6,6,6
49858236@N04,6559
1,28,15
6,6,6
54956677@N08,6985
15,27,16,6,1,28,26,29,20,22,10,7,3,13,4
6,6,6,6,6,6,6,6,6,6,6,6,6,6,6
21897757@N00,2046
30,27,1
6,6,6
12445726@N06,919
30,21,12,3,1
6,6,6,6,6
20544648@N06,1920
30,26,1
6,6,6
74501739@N05,8992
30,20,1
6,6,6
89857381@N04,10644
30,29,1
6,6,6
80499359@N04,9645
30,29,4,7,16,27,24,23,17,15,28,26,1
6,6,6,6,6,6,6,6,6,6,6,6,6
13101664@N03,1083
30,23,29,31,25,21,12,24,26,13,20,1
6,6,6,6,6,6,6,6,6,6,6,6
9036889@N06,10701
28,29,18
6,6,6
12508217@N08,946
28,23,29,31,15,27,16,26,18
6,6,6,6,6,6,6,6,6
12861032@N00,1040
28,26,20,18
6,6,6,6
19712216@N08,1844
28,1,29,15,10,30,25,17,23,19,31,14,18
6,6,6,6,6,6,6,6,6,6,6,6,6
27813472@N00,3473
28,31,18
6,6,6
38235069@N00,4962
28,26,7,21,30,18
6,6,6,6,6,6
42912996@N00,5635
28,23,30,18
6,6,6,6
79551604@N00,9542
28,1,3,26,15,18
6,6,6,6,6,6
107470608@N03,334
28,16,24,27,30,22,29,18
6,6,6,6,6,6,6,6
10182842@N08,76
28,9,30,18
6,6,6,6
95142644@N00,11196
28,1,15,22,29,12,16,7,5,10,21,25,13,3,26,23,18
6,6,6,6,6,6,6,6,6,6,6,6,6,6,6,6,6
79172203@N00,9425
31,28,18
6,6,6
66316766@N06,8336
30,29,17,27,16,25,13,26,23,28,1,15,20,18
6,6,6,6,6,6,6,6,6,6,6,6,6,6
79172203@N00,9489
30,23,18
6,6,6
54688384@N00,6958
30,28,26,18
6,6,6,6
31660989@N05,3923
30,16,15,27,18
6,6,6,6,6
79172203@N00,9416
30,11,21,27,24,16,26,12,28,18
6,6,6,6,6,6,6,6,6,6
25596925@N05,3115
30,7,15,1,26,18
6,6,6,6,6,6
66787548@N00,8389
28,29,15
6,6,6
7490457@N07,9039
28,26,4,29,23,22,11,9,13,21,25,24,15
6,6,6,6,6,6,6,6,6,6,6,6,6
10182842@N08,88
28,26,16,4,11,12,15
6,6,6,6,6,6,6
10182842@N08,99
28,18,15
6,6,6
84116656@N00,10159
28,18,23,26,17,15
6,6,6,6,6,6
83286805@N00,9929
28,26,1,15
6,6,6,6
89857381@N04,10614
28,25,15
6,6,6
98278862@N00,11526
28,26,27,16,17,15
6,6,6,6,6,6
24692700@N00,2969
28,26,6,16,1,21,13,15
6,6,6,6,6,6,6,6
95701812@N00,11237
28,5,11,21,25,12
6,6,6,6,6,6
133444919@N08,1137
28,16,18,23,29,26,12
6,6,6,6,6,6,6
24850040@N07,2998
28,26,31,3,5,21,12
6,6,6,6,6,6,6
35945797@N05,4509
28,17,12
6,6,6
43246079@N05,5745
28,31,26,15,1,11,25,12
6,6,6,6,6,6,6,6
48418487@N02,6301
28,29,17,15,14,20,19,27,12
6,6,6,6,6,6,6,6,6
51824734@N04,6783
28,26,24,15,13,12
6,6,6,6,6,6
66729316@N00,8376
28,11,12
6,6,6
81549686@N02,9732
28,19,1,18,16,27,15,17,24,3,5,26,7,4,21,12
6,6,6,6,6,6,6,6,6,6,6,6,6,6,6,6
9858951@N03,11562
26,30,27
6,6,6
59184099@N06,7313
26,29,27
6,6,6
68324071@N07,8503
26,13,27
6,6,6
51035767733@N01,6685
26,28,25,27
6,6,6,6
13551979@N02,1178
26,12,10,27
6,6,6,6
24739740@N00,2976
26,16,27
6,6,6
59487718@N00,7413
26,28,27
6,6,6
82418556@N00,9802
26,15,29,27
6,6,6,6
82418556@N00,9813
26,23,30,27
6,6,6,6
87621759@N05,10431
26,17,27
6,6,6
94935685@N00,11167
29,31,22,5,3
6,6,6,6,6
23965310@N07,2856
29,26,28,20,23,3
6,6,6,6,6,6
19712216@N08,1843
29,12,3
6,6,6
45875573@N08,6078
29,19,20,26,13,3
6,6,6,6,6,6
100448554@N06,11
31,21,8
6,6,6
32823446@N00,4084
7,3,17
6,6,6
44124377471@N01,5865
7,1,17
6,6,6
59323491@N00,7393
7,31,22,23,19,24,17
6,6,6,6,6,6,6
41197583@N00,5501
16,15,21,26,14
6,6,6,6,6
82919069@N04,9905
16,1,30,26,15,14
6,6,6,6,6,6
33823100@N00,4235
16,26,14
6,6,6
83612144@N00,10009
16,26,5,12,24,17,20,14
6,6,6,6,6,6,6,6
97632346@N06,11453
23,28,11,7,27
6,6,6,6,6
89857381@N04,10619
3,26,20,23,29,31,17,22,30,21
6,6,6,6,6,6,6,6,6,6
24850040@N07,3019
3,12,21
6,6,6
32289743@N03,4012
3,7,6,26,1,30,16,27,24,15,13,4,11,21
6,6,6,6,6,6,6,6,6,6,6,6,6,6
68217111@N00,8490
31,3,30,29,28,26,23
6,6,6,6,6,6,6
27136682@N00,3331
11,25,13,28,22
6,6,6,6,6
49503202796@N01,6481
14,28,27,15,26
6,6,6,6,6
87942779@N00,10463
14,3,5,6,26
6,6,6,6,6
29251788@N07,3639
14,6,26
6,6,6
82418556@N00,9821
14,29,23,13,26
6,6,6,6,6
65321004@N02,8196
5,10,25,26,1,30,23
6,6,6,6,6,6,6
81281582@N07,9721
5,4,1,28,27,26,11,18,23
6,6,6,6,6,6,6,6,6
63765288@N05,8024
24,26,4
6,6,6
62323301@N08,7743
24,7,4
6,6,6
62392176@N00,7748
24,7,4
6,6,6
70059755@N00,8584
29,19,18
6,6,6
24850040@N07,2991
29,28,30,18
6,6,6,6
79172203@N00,9469
29,22,18
6,6,6
54902025@N00,6981
29,17,27,18
6,6,6,6
32431753@N00,4033
29,28,18
6,6,6
69883003@N00,8580
29,4,18
6,6,6
23205379@N02,2550
1,28,26,12,17,30,29,31,7,18
6,6,6,6,6,6,6,6,6,6
23716112@N06,2729
1,25,29,20,18
6,6,6,6,6
23807199@N00,2768
1,28,21,26,18
6,6,6,6,6
25119612@N02,3067
1,28,18
6,6,6
45130440@N03,5992
1,20,26,23,18
6,6,6,6,6
48949906@N00,6385
1,28,26,30,20,29,19,23,18
6,6,6,6,6,6,6,6,6
79172203@N00,9481
1,28,16,18
6,6,6,6
83959210@N02,10132
1,23,28,18
6,6,6,6
33077451@N02,4125
1,29,25,18
6,6,6,6
26175247@N00,3192
18,26,11,24
6,6,6,6
81827168@N00,9762
18,9,3,25,13,1,29,27,24
6,6,6,6,6,6,6,6,6
41184184@N00,5500
18,29,14,1,28,26,4,7,3,24
6,6,6,6,6,6,6,6,6,6
45352977@N05,6025
18,28,1,24
6,6,6,6
79172203@N00,9496
4,15,21,11,23,20,29,16,28,26,6,7,9
6,6,6,6,6,6,6,6,6,6,6,6,6
21899239@N04,2061
24,31,1,28,26
6,6,6,6,6
7874766@N02,9354
24,25,17,1,19,28,23,29,31,26
6,6,6,6,6,6,6,6,6,6
49471872@N00,6473
24,16,25,22,1,15,26
6,6,6,6,6,6,6
12241674@N03,850
24,12,30,26
6,6,6,6
13818837@N05,1238
24,11,21,4,13,25,29,23,1,28,26
6,6,6,6,6,6,6,6,6,6,6
10259875@N03,178
24,12,21,16,26
6,6,6,6,6
20319059@N06,1874
24,16,21,5,10,11,26
6,6,6,6,6,6,6
29358051@N07,3669
24,16,26
6,6,6
34649366@N06,4362
24,7,26
6,6,6
38067879@N08,4908
24,12,26
6,6,6
47894721@N02,6245
24,15,1,16,21,30,26
6,6,6,6,6,6,6
62121361@N03,7703
24,28,1,26,16,3,12,27,21,25,18
6,6,6,6,6,6,6,6,6,6,6
29225947@N00,3632
24,26,30,14,15,18
6,6,6,6,6,6
7933322@N08,9514
8,16,17,20,22,23,25,26,28,29
6,6,6,6,6,6,6,6,6,6
22232518@N05,2101
8,28,16,18,23,10,26,29
6,6,6,6,6,6,6,6
30650680@N02,3838
8,12,29
6,6,6
91132276@N07,10783
8,12,5,6,26,23,19,28,27,18,1,20,29
6,6,6,6,6,6,6,6,6,6,6,6,6
20306506@N08,1872
28,1,30,19
6,6,6,6
8022297@N02,9607
28,26,30,19
6,6,6,6
36942952@N00,4674
28,16,19
6,6,6
43108539@N03,5679
28,26,20,19
6,6,6,6
82418556@N00,9841
19,28,29,18,23
6,6,6,6,6
24295504@N05,2902
19,18,23
6,6,6
24295504@N05,2904
19,29,13,23
6,6,6,6
74285955@N00,8970
5,25,8
6,6,6
79172203@N00,9412
5,28,27,26,8
6,6,6,6,6
82418556@N00,9798
7,5,3
6,6,6
44124377471@N01,5867
7,21,5,3
6,6,6,6
99016667@N00,11691
7,11,4,30,29,14,17,1,28,27,16,26,21,3
6,6,6,6,6,6,6,6,6,6,6,6,6,6
23684642@N08,2701
7,25,19,1,16,3
6,6,6,6,6,6
107379654@N04,329
21,27,1,23
6,6,6,6
79172203@N00,9491
21,27,23
6,6,6
24959465@N08,3039
21,4,28,23
6,6,6,6
87067940@N00,10394
23,26,30
6,6,6
13168981@N04,1101
23,16,26,30
6,6,6,6
37382345@N08,4735
23,18,30
6,6,6
65404669@N02,8205
23,19,30
6,6,6
45352977@N05,6034
7,11,21,13,25,26,28,24
6,6,6,6,6,6,6,6
29358051@N07,3670
7,4,24
6,6,6
86459399@N00,10332
12,3,26,17,1,29,20
6,6,6,6,6,6,6
40262057@N06,5362
12,15,13,20
6,6,6,6
10106605@N07,36
13,1,25,28,18,30,23,29,22,14,19,26,16,24,21,15,17,6,7,12,3
6,6,6,6,6,6,6,6,6,6,6,6,6,6,6,6,6,6,6,6,6
73293249@N00,8879
13,4,3
6,6,6
10182842@N08,117
13,20,19,18,30,29,26,3
6,6,6,6,6,6,6,6
37763182@N03,4812
13,12,5,3
6,6,6,6
63631877@N00,8014
13,17,28,16,27,30,26,3
6,6,6,6,6,6,6,6
47108349@N07,6199
8,3,22
6,6,6
11541209@N06,563
15,21,25,28,19
6,6,6,6,6
82418556@N00,9835
15,20,19
6,6,6
14449931@N08,1455
31,29,26,4,11,13,21,16,23,19
6,6,6,6,6,6,6,6,6,6
62392176@N00,7751
3,26,28,19,15,24,13,6
6,6,6,6,6,6,6,6
63106298@N02,7947
30,17,19
6,6,6
11901577@N03,628
30,26,19
6,6,6
37763182@N03,4814
30,26,19
6,6,6
43195725@N00,5701
30,21,19
6,6,6
38235069@N00,4968
30,15,13,31,19
6,6,6,6,6
48889068621@N01,6362
30,3,18,19
6,6,6,6
96156793@N00,11294
27,17,1,29
6,6,6,6
19026178@N00,1801
27,30,31,29
6,6,6,6
10106605@N07,37
27,31,29
6,6,6
76151808@N00,9113
27,1,29
6,6,6
86063712@N00,10294
19,29,17,28,18,15
6,6,6,6,6,6
99855129@N00,11748
19,21,25,30,29,23,26,28,27,7,18,15
6,6,6,6,6,6,6,6,6,6,6,6
27745483@N07,3440
30,20,10
6,6,6
24068712@N00,2866
13,25,24
6,6,6
10182842@N08,74
13,1,29,24
6,6,6,6
11949829@N04,657
13,8,1,28,21,3,26,24
6,6,6,6,6,6,6,6
16442000@N00,1663
13,3,24
6,6,6
71821256@N00,8722
13,18,31,14
6,6,6,6
11996697@N00,673
13,25,15,21,9,1,28,16,27,17,24,12,3,7,5,6,26,18,23,19,29,20,30,10,31,22,14
6,6,6,6,6,6,6,6,6,6,6,6,6,6,6,6,6,6,6,6,6,6,6,6,6,6,6
75683070@N00,9075
22,31,14,20
6,6,6,6
9858951@N03,11584
22,30,26,6,9,7,11,12,25,13,27,17,16,1,28,18,29,20
6,6,6,6,6,6,6,6,6,6,6,6,6,6,6,6,6,6
40262057@N06,5351
14,28,15,26,6,5,21,11,27
6,6,6,6,6,6,6,6,6
18366889@N00,1763
14,7,27
6,6,6
49578007@N05,6488
16,17,15,24,23,31,22,14,11,4,7,5,8,26,18,10,1,28
6,6,6,6,6,6,6,6,6,6,6,6,6,6,6,6,6,6
9858951@N03,11581
16,1,28
6,6,6
58513125@N05,7267
16,1,28
6,6,6
49059899@N00,6395
16,1,28
6,6,6
66316766@N06,8322
16,15,24,21,10,26,13,29,1,28
6,6,6,6,6,6,6,6,6,6
91805633@N04,10870
16,27,1,26,29,28
6,6,6,6,6,6
53139290@N08,6871
16,29,28
6,6,6
37912374286@N01,4879
16,29,1,23,26,13,25,28
6,6,6,6,6,6,6,6
41556385@N06,5537
16,29,31,18,28
6,6,6,6,6
40563308@N02,5414
17,12,21,19,29,23,26,1
6,6,6,6,6,6,6,6
78832226@N00,9361
17,24,1
6,6,6
93098533@N08,11030
17,15,16,12,7,26,30,1
6,6,6,6,6,6,6,6
15474023@N03,1597
17,3,26,12,1
6,6,6,6,6
65515841@N05,8214
23,27,26,25,1
6,6,6,6,6
79172203@N00,9502
23,29,12,17,15,24,27,30,7,26,20,28,1
6,6,6,6,6,6,6,6,6,6,6,6,6
36942952@N00,4669
23,28,29,19,18,20,22,30,26,21,25,16,27,1
6,6,6,6,6,6,6,6,6,6,6,6,6,6
8348059@N02,9972
23,28,1
6,6,6
40708728@N04,5439
26,14,3,9
6,6,6,6
107470608@N03,335
26,25,9
6,6,6
15125199@N07,1554
19,24,29,16,1
6,6,6,6,6
49304581@N02,6453
19,26,29,1
6,6,6,6
14161238@N08,1307
19,15,28,5,21,26,1
6,6,6,6,6,6,6
31779495@N05,3933
4,28,29,30
6,6,6,6
20319059@N06,1894
4,12,16,30
6,6,6,6
7593170@N07,9088
14,26,1,30,31
6,6,6,6,6
40910200@N06,5468
20,22,30,9,4,3,24,16
6,6,6,6,6,6,6,6
10182842@N08,79
20,28,16
6,6,6
16272116@N03,1655
20,30,22,26,16
6,6,6,6,6
29066111@N06,3624
15,7,24,12
6,6,6,6
7730953@N08,9252
15,17,1,28,27,24,25,7,6,30,29,19,20,18,26,12
6,6,6,6,6,6,6,6,6,6,6,6,6,6,6,6
27205052@N05,3344
15,26,20,14,22,19,30,18,23,21,13,12
6,6,6,6,6,6,6,6,6,6,6,6
75941851@N00,9090
15,24,12
6,6,6
23218963@N00,2612
6,16,1,28,26,18,23,29,20
6,6,6,6,6,6,6,6,6
9858951@N03,11596
7,29,23,3,28
6,6,6,6,6
10358880@N05,239
7,25,28
6,6,6
66787548@N00,8388
26,1,13,21,4,11,24
6,6,6,6,6,6,6
26051472@N05,3173
26,25,29,20,24
6,6,6,6,6
130912872@N04,1074
26,20,11,24
6,6,6,6
18753948@N00,1782
26,12,3,21,24
6,6,6,6,6
23212779@N04,2577
26,16,24
6,6,6
24509213@N00,2940
26,19,24
6,6,6
36234234@N05,4536
26,16,29,30,28,23,25,24
6,6,6,6,6,6,6,6
41453183@N05,5520
26,28,24
6,6,6
62121361@N03,7700
26,11,29,24
6,6,6,6
64098965@N00,8065
26,8,24
6,6,6
74616830@N00,9002
26,30,22,31,28,17,18,29,20,13,1,21,25,15,12,24
6,6,6,6,6,6,6,6,6,6,6,6,6,6,6,6
68931954@N00,8520
26,25,27,1,28,5,16,22,10,13,24
6,6,6,6,6,6,6,6,6,6,6
23673310@N02,2690
26,17,27,1,28,29,20,22,10,3,24
6,6,6,6,6,6,6,6,6,6,6
32303563@N00,4023
26,28,23,24
6,6,6,6
91852742@N00,10884
13,1,16,27,12,28,23,30,29,20,22,14,6,5,11,21,8,26
6,6,6,6,6,6,6,6,6,6,6,6,6,6,6,6,6,6
51903736@N00,6789
13,25,1,14,26
6,6,6,6,6
22309110@N03,2227
13,7,11,29,26
6,6,6,6,6
35172613@N00,4404
13,5,29,28,1,27,16,6,11,21,25,26
6,6,6,6,6,6,6,6,6,6,6,6
8854023@N06,10514
13,12,28,5,4,18,26
6,6,6,6,6,6,6
23673310@N02,2691
13,30,26
6,6,6
29259314@N04,3648
13,7,26
6,6,6
29888328@N03,3748
13,21,26
6,6,6
37869753@N06,4845
13,30,29,18,1,28,26
6,6,6,6,6,6,6
79172203@N00,9462
13,23,31,26
6,6,6,6
7945637@N07,9527
9,20,17
6,6,6
16171417@N00,1645
18,1,28,26,8
6,6,6,6,6
27813472@N00,3477
14,12,17,24,25,13,7
6,6,6,6,6,6,6
19026178@N00,1802
3,16,26,13
6,6,6,6
66026223@N08,8287
6,10,26,28,30,1,9,20,29,19
6,6,6,6,6,6,6,6,6,6
27813472@N00,3476
5,8,25,16,27,28,26,24
6,6,6,6,6,6,6,6
67260043@N04,8430
5,13,11,16,12,24
6,6,6,6,6,6
16035349@N05,1638
7,20,25,26,5
6,6,6,6,6
77154962@N00,9194
30,17,6,26,8,24,11
6,6,6,6,6,6,6
91132276@N07,10781
19,30,27
6,6,6
10450800@N03,262
19,28,20,27
6,6,6,6
23205379@N02,2474
19,12,24,27
6,6,6,6
36942952@N00,4660
19,20,12,27
6,6,6,6
58174503@N02,7230
19,26,27
6,6,6
62236593@N04,7736
27,24,23
6,6,6
10136713@N00,48
27,15,25,30,23
6,6,6,6,6
12423353@N02,913
27,1,23
6,6,6
82418556@N00,9817
29,26,28,8
6,6,6,6
61258745@N03,7604
29,6,26,8
6,6,6,6
27813472@N00,3488
29,6,22,28,8
6,6,6,6,6
51559287@N04,6750
17,1,5,7,21,25,29
6,6,6,6,6,6,6
23807199@N00,2772
17,1,28,26,24,3,20,29
6,6,6,6,6,6,6,6
82418556@N00,9808
17,26,11,28,1,16,31,19,29
6,6,6,6,6,6,6,6,6
14136614@N03,1305
17,28,29
6,6,6
78832226@N00,9365
17,21,29
6,6,6
24295504@N05,2900
17,21,30,31,29
6,6,6,6,6
35795945@N02,4479
17,8,29
6,6,6
40708728@N04,5435
17,23,1,10,20,29
6,6,6,6,6,6
62443344@N00,7768
17,3,24,29
6,6,6,6
25360342@N02,3102
25,31,28,3,4,6,26,12,30
6,6,6,6,6,6,6,6,6
27813472@N00,3487
25,18,11,30
6,6,6,6
59753021@N00,7487
25,11,26,28,1,16,22,30
6,6,6,6,6,6,6,6
79172203@N00,9485
21,25,4,20,18,1,28,16,26,6,23,29,14
6,6,6,6,6,6,6,6,6,6,6,6,6
96626588@N07,11361
21,13,11,14
6,6,6,6
14834314@N00,1485
21,27,26,20,22,14
6,6,6,6,6,6
75229645@N00,9044
11,6,28,29,20,18,26,25,23,30
6,6,6,6,6,6,6,6,6,6
79172203@N00,9414
11,31,30
6,6,6
40144079@N00,5337
11,26,20,29,16,30
6,6,6,6,6,6
66316766@N06,8347
30,28,21,7,6,26,16,14
6,6,6,6,6,6,6,6
78013771@N00,9309
30,29,20,14
6,6,6,6
87895332@N08,10445
30,6,14
6,6,6
9926279@N03,11699
26,21,13,30,25,28,29
6,6,6,6,6,6,6
90755543@N00,10754
26,28,24,12,29
6,6,6,6,6
87067940@N00,10392
26,28,1,3,18,29
6,6,6,6,6,6
95414019@N00,11214
26,19,29
6,6,6
112711747@N06,456
26,27,20,29
6,6,6,6
20319059@N06,1885
26,23,10,29
6,6,6,6
25855529@N04,3150
26,1,5,16,28,29
6,6,6,6,6,6
26104563@N00,3182
26,20,4,27,28,29
6,6,6,6,6,6
27813472@N00,3456
26,16,18,29
6,6,6,6
37382345@N08,4750
26,18,27,29
6,6,6,6
42912996@N00,5637
26,25,28,29
6,6,6,6
48166800@N00,6278
26,31,7,9,30,20,29
6,6,6,6,6,6,6
50038815@N08,6579
26,28,19,29
6,6,6,6
67246822@N00,8417
26,12,16,1,28,23,29
6,6,6,6,6,6,6
7282277@N07,8841
26,17,31,22,29
6,6,6,6,6
83209367@N00,9920
26,22,14,31,23,30,19,18,29
6,6,6,6,6,6,6,6,6
97161736@N02,11403
26,20,29
6,6,6
97898435@N00,11478
3,30,29,20,25
6,6,6,6,6
32442033@N00,4035
3,26,25
6,6,6
32493439@N00,4041
3,26,18
6,6,6
71121295@N00,8673
3,20,18
6,6,6
72844756@N00,8844
29,28,1,19
6,6,6,6
69024677@N00,8538
29,18,16,13,28,19
6,6,6,6,6,6
48889068621@N01,6363
29,18,19
6,6,6
16336194@N00,1658
29,15,19
6,6,6
34444521@N03,4342
29,26,19
6,6,6
37376032@N00,4729
29,24,28,26,25,4,19
6,6,6,6,6,6,6
8188436@N08,9765
29,25,16,19
6,6,6,6
34444521@N03,4343
26,1,22
6,6,6
16997251@N05,1715
26,15,25,30,22
6,6,6,6,6
17818511@N00,1741
26,25,21,22
6,6,6,6
23866387@N03,2824
26,28,31,20,18,4,22
6,6,6,6,6,6,6
64822977@N00,8152
7,6,29,23,30,1
6,6,6,6,6,6
40563308@N02,5391
7,28,1
6,6,6
78832226@N00,9362
7,28,1
6,6,6
98071415@N05,11489
21,25,15,24,4,7,28,29,26,19,18
6,6,6,6,6,6,6,6,6,6,6
83871406@N00,10122
21,13,28,18
6,6,6,6
77249045@N07,9228
21,26,18
6,6,6
33274024@N04,4162
21,25,11,18
6,6,6,6
83612144@N00,10006
16,28,21,31
6,6,6,6
9943904@N03,11711
16,1,12,4,31
6,6,6,6,6
97632346@N06,11451
16,12,1,28,26,18,29,14,31
6,6,6,6,6,6,6,6,6
13933131@N08,1290
16,19,3,1,24,15,12,17,21,11,5,9,6,31
6,6,6,6,6,6,6,6,6,6,6,6,6,6
76151808@N00,9105
16,30,31
6,6,6
15026501@N00,1528
16,25,31
6,6,6
22309110@N03,2126
16,25,11,31
6,6,6,6
35795945@N02,4477
24,29,25
6,6,6
12865054@N06,1043
24,3,4,25
6,6,6,6
13349207@N00,1142
24,28,16,26,3,25
6,6,6,6,6,6
73621375@N00,8917
25,1,27,8,28,14,18,19
6,6,6,6,6,6,6,6
65009812@N02,8171
15,17,1,28,26
6,6,6,6,6
28450912@N02,3570
15,3,26
6,6,6
30184872@N06,3782
15,16,26
6,6,6
63106298@N02,7944
15,16,26
6,6,6
80292103@N00,9611
15,6,26
6,6,6
91889496@N02,10890
15,29,26
6,6,6
96722532@N03,11381
15,28,26
6,6,6
107987296@N07,340
15,23,28,26
6,6,6,6
24928011@N00,3034
19,23,22
6,6,6
21393146@N07,1974
19,26,13,12,24,25,29,1,22
6,6,6,6,6,6,6,6,6
29507492@N07,3715
24,26,21,1,28,18,29
6,6,6,6,6,6,6
97653878@N07,11461
24,15,29
6,6,6
102953813@N07,202
24,3,16,29
6,6,6,6
23673310@N02,2693
24,27,28,29
6,6,6,6
48889068621@N01,6359
24,26,3,21,25,29
6,6,6,6,6,6
36559368@N07,4593
24,6,28,1,26,17,29
6,6,6,6,6,6,6
49887039@N04,6568
24,1,16,27,10,30,22,19,18,26,25,29
6,6,6,6,6,6,6,6,6,6,6,6
23673310@N02,2688
5,24,20,17
6,6,6,6
26874770@N06,3293
17,28,1,29,18,23,8,3,21,13,16,27,24
6,6,6,6,6,6,6,6,6,6,6,6,6
15217104@N02,1561
17,20,31,22,18,24
6,6,6,6,6,6
23866387@N03,2829
17,21,18,15,24
6,6,6,6,6
36330825967@N01,4552
17,7,26,24
6,6,6,6
88242284@N03,10492
17,22,7,24
6,6,6,6
9414677@N06,11107
17,1,30,13,31,27,24
6,6,6,6,6,6,6
62443344@N00,7770
17,26,24
6,6,6
48889119704@N01,6381
10,26,21,17,24
6,6,6,6,6
38084526@N06,4921
10,25,24
6,6,6
9187766@N05,10886
10,26,4,29,16,17,21,11,24
6,6,6,6,6,6,6,6,6
54333941@N00,6937
30,10,26,1,28,24,12,25,21
6,6,6,6,6,6,6,6,6
27374044@N00,3372
30,31,29,20,21
6,6,6,6,6
38235069@N00,4986
30,26,21
6,6,6
52571731@N05,6827
30,19,11,26,21
6,6,6,6,6
8928810@N02,10571
30,31,22,14,20,29,28,21
6,6,6,6,6,6,6,6
23866387@N03,2812
7,29,27,24,28,23
6,6,6,6,6,6
14920533@N06,1519
7,25,26,1,28,23
6,6,6,6,6,6
27813472@N00,3492
11,10,29,14,31
6,6,6,6,6
40563308@N02,5406
11,27,16,24,15,3,30,26,31
6,6,6,6,6,6,6,6,6
85583013@N04,10253
20,18,23,29,7,16,24,5,3,13
6,6,6,6,6,6,6,6,6,6
31692641@N00,3928
20,14,16,19,13
6,6,6,6,6
82418556@N00,9832
20,16,25,13
6,6,6,6
121634217@N06,700
20,4,13
6,6,6
40563308@N02,5392
20,19,13
6,6,6
7906627@N04,9387
7,28,1,26
6,6,6,6
66994870@N00,8402
7,6,13,4,26
6,6,6,6,6
71781509@N00,8718
7,3,1,28,16,12,24,17,27,26
6,6,6,6,6,6,6,6,6,6
32715761@N00,4064
7,5,17,26
6,6,6,6
71821256@N00,8719
16,15,28,24,17,18,29,14,22,26,6,4,7,11,12
6,6,6,6,6,6,6,6,6,6,6,6,6,6,6
95061722@N00,11186
18,1,28,16,27,26,8,4,7,21,3,12,24,15,29,19,13,11
6,6,6,6,6,6,6,6,6,6,6,6,6,6,6,6,6,6
38102706@N05,4927
24,20,14,22,3
6,6,6,6,6
63106298@N02,7930
24,15,28,1,26,21,3
6,6,6,6,6,6,6
78137955@N00,9339
31,23,20,28,6,24
6,6,6,6,6,6
63106298@N02,7924
31,28,12,27,21,3,29,19,24
6,6,6,6,6,6,6,6,6
72926310@N00,8864
20,26,11,21,4
6,6,6,6,6
92692548@N02,10968
3,23,19
6,6,6
18991733@N00,1797
3,16,23,18,19
6,6,6,6,6
54902025@N00,6983
3,25,19
6,6,6
89857381@N04,10654
20,1,11
6,6,6
89857381@N04,10609
20,29,11
6,6,6
33077451@N02,4124
20,12,11
6,6,6
65959869@N08,8265
28,29,20,18,26
6,6,6,6,6
79172203@N00,9411
28,29,26
6,6,6
10182842@N08,104
28,29,26
6,6,6
22309110@N03,2250
28,12,21,26
6,6,6,6
102953813@N07,209
28,20,26
6,6,6
10967865@N04,377
28,1,26
6,6,6
133911707@N06,1161
28,1,26
6,6,6
49072197@N02,6399
28,1,26
6,6,6
8386875@N06,10082
28,1,26
6,6,6
9858951@N03,11650
28,12,15,27,26
6,6,6,6,6
22892300@N05,2327
28,21,4,26
6,6,6,6
26051623@N00,3174
28,17,26
6,6,6
30350281@N06,3794
28,16,26
6,6,6
34118276@N04,4275
28,16,26
6,6,6
40144079@N00,5328
28,16,26
6,6,6
7340027@N06,8887
28,29,18,26
6,6,6,6
36942952@N00,4672
28,23,19,29,31,22,26
6,6,6,6,6,6,6
36942952@N00,4675
28,30,18,23,26
6,6,6,6,6
44124364198@N01,5856
28,3,26
6,6,6
48241744@N00,6284
28,1,23,18,16,26
6,6,6,6,6,6
51311897@N00,6720
28,31,10,26
6,6,6,6
58044290@N00,7222
28,27,15,26
6,6,6,6
59457417@N00,7410
28,31,22,26
6,6,6,6
79172203@N00,9396
28,30,11,7,8,26
6,6,6,6,6,6
89857381@N04,10611
28,18,29,26
6,6,6,6
121634217@N06,699
28,24,29,26
6,6,6,6
21138471@N00,1951
28,21,26
6,6,6
33213804@N04,4146
28,30,16,3,25,1,20,26
6,6,6,6,6,6,6,6
79172203@N00,9401
28,1,16
6,6,6
9139667@N06,10814
28,1,16
6,6,6
13998921@N02,1298
28,25,21,4,11,20,19,26,16
6,6,6,6,6,6,6,6,6
108118224@N04,342
28,26,29,16
6,6,6,6
23759021@N07,2765
28,27,26,16
6,6,6,6
24850040@N07,3026
28,26,25,16
6,6,6,6
38662033@N08,5019
28,26,16
6,6,6
95101667@N00,11191
28,20,26,27,17,21,25,16
6,6,6,6,6,6,6,6
59538487@N00,7446
28,12,16
6,6,6
88787599@N00,10532
28,15,26,16
6,6,6,6
93467796@N03,11059
28,1,26,16
6,6,6,6
39403274@N00,5244
24,26,7,28,17,27,21
6,6,6,6,6,6,6
92533979@N00,10940
24,13,21
6,6,6
34390084@N07,4332
24,25,12,21
6,6,6,6
93525156@N00,11066
15,24,27,19,29,25,13,6,30
6,6,6,6,6,6,6,6,6
76151808@N00,9108
15,26,28,14,22,31,10,30
6,6,6,6,6,6,6,6
59538487@N00,7442
15,25,13,3,5,26,30
6,6,6,6,6,6,6
129990301@N04,1066
15,27,17,31,29,30
6,6,6,6,6,6
39146060@N00,5228
15,26,30
6,6,6
59184099@N06,7350
15,31,30
6,6,6
94808878@N00,11156
15,1,22,31,29,30
6,6,6,6,6,6
59538487@N00,7443
15,29,20,31,22,18,30
6,6,6,6,6,6,6
41894174086@N01,5550
9,6,1
6,6,6
38730049@N08,5092
9,24,21,26
6,6,6,6
27343295@N07,3364
9,11,21,31,26
6,6,6,6,6
39539890@N02,5266
29,27,17
6,6,6
73565702@N00,8909
29,20,26,17
6,6,6,6
13818837@N05,1239
29,15,22,31,17
6,6,6,6,6
9858951@N03,11592
29,30,15,17
6,6,6,6
44175133@N00,5894
29,28,17
6,6,6
90328132@N00,10698
26,17,19
6,6,6
73392257@N00,8886
26,6,25,1,28,19
6,6,6,6,6,6
30755785@N02,3846
26,5,3,7,31,22,29,23,19
6,6,6,6,6,6,6,6,6
32715761@N00,4065
26,30,14,19
6,6,6,6
61261095@N02,7622
4,15,24
6,6,6
64405577@N00,8088
25,26,3,28,22,12,24
6,6,6,6,6,6,6
27813472@N00,3459
25,13,20,18,28,30,17,24
6,6,6,6,6,6,6,6
29349767@N03,3667
25,16,24
6,6,6
22309110@N03,2127
25,13,22,3,18,26,20,1,28,29,16,21,27,15,24
6,6,6,6,6,6,6,6,6,6,6,6,6,6,6
78720487@N02,9352
25,13,23,29,3,26,5,17,16,27,28,24
6,6,6,6,6,6,6,6,6,6,6,6
76665138@N00,9150
23,18,28,1,14,11,15
6,6,6,6,6,6,6
24537422@N02,2945
23,12,27,17,1,15
6,6,6,6,6,6
81039954@N05,9682
23,24,1,18,16,15
6,6,6,6,6,6
22789621@N02,2310
27,13,28,17,16
6,6,6,6,6
130912872@N04,1076
27,30,23,15,16
6,6,6,6,6
13125640@N07,1087
27,28,16
6,6,6
24295504@N05,2901
27,26,29,17,22,18,19,6,3,14,16
6,6,6,6,6,6,6,6,6,6,6
22191840@N00,2084
18,29,19,20,17,27,8,3,16,21,1,28
6,6,6,6,6,6,6,6,6,6,6,6
101538895@N08,60
18,1,28
6,6,6
58785673@N08,7286
18,26,28
6,6,6
8674970@N04,10363
18,26,12,29,30,25,1,28
6,6,6,6,6,6,6,6
21392573@N02,1973
18,19,28
6,6,6
17596088@N00,1734
18,3,28
6,6,6
50616872@N07,6634
18,27,28
6,6,6
93273458@N00,11042
31,26,20
6,6,6
27983123@N00,3521
31,16,24,20
6,6,6,6
26874770@N06,3289
31,13,29,17,27,16,24,12,3,5,7,9,26,15,23,18,20
6,6,6,6,6,6,6,6,6,6,6,6,6,6,6,6,6
48949906@N00,6386
8,29,1,28,14,26,3,4,13
6,6,6,6,6,6,6,6,6
28585603@N04,3585
8,21,3,13
6,6,6,6
23375196@N06,2627
15,1,28,26,25,16,27,8
6,6,6,6,6,6,6,6
98308974@N02,11538
20,16,26,1,27,25
6,6,6,6,6,6
65645597@N00,8223
20,13,22,3,11,9,18,19,31,10,21,15,25
6,6,6,6,6,6,6,6,6,6,6,6,6
22519766@N03,2279
20,15,26,6,3,24,25
6,6,6,6,6,6,6
10182231@N00,67
20,28,25
6,6,6
78957591@N00,9372
20,30,26,17,25
6,6,6,6,6
8458618@N05,10208
7,3,4,11,30,23,15,29
6,6,6,6,6,6,6,6
24850040@N07,3002
7,15,27,29
6,6,6,6
51311897@N00,6727
7,27,28,25,1,17,20,30,29
6,6,6,6,6,6,6,6,6
43195725@N00,5693
7,3,24,1,28,14,29
6,6,6,6,6,6,6
45352977@N05,6028
23,18,29,19,30,31,22,13,21,3,27,1,28,24,15,12
6,6,6,6,6,6,6,6,6,6,6,6,6,6,6,6
14526883@N08,1470
19,28,16,13,1,26,31,30,22,14,29,4,3,24
6,6,6,6,6,6,6,6,6,6,6,6,6,6
34128007@N04,4276
19,30,24
6,6,6
37763182@N03,4798
19,23,30,22,31,20,25,11,1,16,26,5,21,12,24
6,6,6,6,6,6,6,6,6,6,6,6,6,6,6
23129782@N00,2431
19,15,27,17,7,29,30,23,1,26,4,21,11,3,28,24
6,6,6,6,6,6,6,6,6,6,6,6,6,6,6,6
130912872@N04,1075
20,29,1,28,31,26,15,3,23,19
6,6,6,6,6,6,6,6,6,6
36942952@N00,4667
20,1,15,6,19
6,6,6,6,6
18963732@N06,1792
20,1,27,26,29,19
6,6,6,6,6,6
46097854@N00,6128
20,1,28,29,19
6,6,6,6,6
49897362@N02,6575
28,20,13,21,25,1,15,4,5,7,6,11,17
6,6,6,6,6,6,6,6,6,6,6,6,6
7282277@N07,8842
28,12,26,19,29,10,4,17
6,6,6,6,6,6,6,6
23621009@N07,2682
28,14,17
6,6,6
65515841@N05,8216
28,26,27,17
6,6,6,6
66026985@N02,8293
28,26,17
6,6,6
76665138@N00,9152
28,24,17
6,6,6
94935685@N00,11172
28,13,15,17
6,6,6,6
9858951@N03,11573
28,1,23,17
6,6,6,6
123425229@N07,895
7,3,16
6,6,6
23807199@N00,2771
7,22,23,26,16
6,6,6,6,6
23951075@N06,2843
7,15,16
6,6,6
40708728@N04,5427
7,6,11,26,16
6,6,6,6,6
52378595@N06,6819
17,28,18,27,13,25,23,29,20,22,14,30,26,11
6,6,6,6,6,6,6,6,6,6,6,6,6,6
27813472@N00,3475
17,15,25,24,26,28,11
6,6,6,6,6,6,6
24509213@N00,2938
17,27,11
6,6,6
50755881@N08,6655
17,28,23,18,20,22,14,5,11
6,6,6,6,6,6,6,6,6
23866387@N03,2806
17,28,4,11
6,6,6,6
9036889@N06,10700
18,29,16,25,17,28,27,13,9,26,20,31
6,6,6,6,6,6,6,6,6,6,6,6
45032460@N06,5967
18,12,21,25,23,31
6,6,6,6,6,6
24850040@N07,3012
18,26,13,21,16,30,31
6,6,6,6,6,6,6
38235069@N00,4987
27,12,25,18,29,7,6,1,28,14,26,4,15,24,16,13,21,8
6,6,6,6,6,6,6,6,6,6,6,6,6,6,6,6,6,6
26568149@N00,3248
28,26,3
6,6,6
10182842@N08,100
28,26,3
6,6,6
61258745@N03,7584
28,16,3
6,6,6
32289743@N03,3997
28,29,3
6,6,6
49578007@N05,6509
28,26,16,12,8,21,25,3
6,6,6,6,6,6,6,6
8386875@N06,10079
28,27,26,16,21,3
6,6,6,6,6,6
9858951@N03,11604
28,20,3
6,6,6
65404669@N02,8204
28,1,23,29,20,11,8,3
6,6,6,6,6,6,6,6
66994870@N00,8403
16,23,20
6,6,6
63106298@N02,7946
16,24,11,1,25,7,4,29,20
6,6,6,6,6,6,6,6,6
23807199@N00,2774
16,27,20
6,6,6
33213804@N04,4155
16,29,20
6,6,6
90008840@N00,10668
5,11,12,25,31,13
6,6,6,6,6,6
92599451@N08,10947
5,7,15,17,1,29,20,31,30,10,26,28,12,16,27,25,13
6,6,6,6,6,6,6,6,6,6,6,6,6,6,6,6,6
18753948@N00,1775
5,7,4,29,18,26,1,28,16,27,24,25,13
6,6,6,6,6,6,6,6,6,6,6,6,6
98552680@N07,11549
24,28,12,27,19
6,6,6,6,6
62001041@N08,7669
24,17,12,3,23,19
6,6,6,6,6,6
78832226@N00,9368
24,26,29,22,23,8,21,13,1,19
6,6,6,6,6,6,6,6,6,6
13922841@N00,1259
24,26,17,18,20,19
6,6,6,6,6,6
50979393@N00,6663
16,26,1,25
6,6,6,6
37996622233@N01,4898
16,27,28,26,25
6,6,6,6,6
40160086@N05,5342
16,26,13,25
6,6,6,6
79978100@N04,9590
16,1,18,25
6,6,6,6
87358743@N00,10414
16,26,3,4,6,27,25
6,6,6,6,6,6,6
123756580@N03,897
16,15,25
6,6,6
42118699@N08,5583
16,22,30,31,13,21,12,27,26,25
6,6,6,6,6,6,6,6,6,6
37763182@N03,4809
31,11,19,28,1,21
6,6,6,6,6,6
90427028@N00,10706
9,10,11
6,6,6
14280234@N04,1375
9,12,5,29,30,23,27,16,15,3,7,17,28,6,11
6,6,6,6,6,6,6,6,6,6,6,6,6,6,6
33213804@N04,4154
9,16,28,26,12,24,17,27,13,11
6,6,6,6,6,6,6,6,6,6
101445497@N05,56
23,31,14,22,20
6,6,6,6,6
48889068621@N01,6355
23,16,20
6,6,6
24567273@N07,2946
23,29,22,30,19,28,1,16,17,24,12,20
6,6,6,6,6,6,6,6,6,6,6,6
36942952@N00,4664
23,5,29,20
6,6,6,6
79761301@N00,9552
23,30,25,17,29,28,24,16,27,19,20
6,6,6,6,6,6,6,6,6,6,6
22191840@N00,2090
23,31,21,13,11,28,18,26,10,14,20
6,6,6,6,6,6,6,6,6,6,6
15079826@N00,1545
23,1,28,26,16,27,17,15,25,21,13,20
6,6,6,6,6,6,6,6,6,6,6,6
10989907@N07,383
13,18,26,16,15,12,25,28,30,22,31,10
6,6,6,6,6,6,6,6,6,6,6,6
8514057@N08,10236
13,28,1,18,23,19,29,10
6,6,6,6,6,6,6,6
9858951@N03,11579
13,11,10
6,6,6
43725348@N00,5797
4,27,16,23
6,6,6,6
14291689@N07,1432
19,29,31
6,6,6
92599451@N08,10948
17,24,21,13,29,28,22
6,6,6,6,6,6,6
51035708949@N01,6677
17,29,22
6,6,6
10182842@N08,114
17,27,6,26,22
6,6,6,6,6
94935685@N00,11160
28,15,8,26,31
6,6,6,6,6
65148532@N06,8188
28,30,29,22,31
6,6,6,6,6
23866387@N03,2827
28,29,22,31
6,6,6,6
10182842@N08,96
28,23,29,31
6,6,6,6
27813472@N00,3491
28,13,31
6,6,6
32289743@N03,4006
28,23,29,20,6,21,24,27,12,26,31
6,6,6,6,6,6,6,6,6,6,6
49165041@N00,6402
28,26,29,31
6,6,6,6
65945527@N00,8261
28,1,31
6,6,6
77249045@N07,9240
28,19,31
6,6,6
91604003@N02,10846
28,29,20,26,31
6,6,6,6,6
92599451@N08,10953
28,13,26,18,31
6,6,6,6,6
76151808@N00,9109
30,26,1,15
6,6,6,6
62121361@N03,7704
30,28,16,18,15
6,6,6,6,6
45056833@N05,5971
30,23,28,1,31,22,29,19,26,15
6,6,6,6,6,6,6,6,6,6
27813472@N00,3470
30,29,16,23,1,15
6,6,6,6,6,6
10129939@N08,42
30,21,12,20
6,6,6,6
83286805@N00,9944
30,26,20
6,6,6
13168981@N04,1105
30,31,20
6,6,6
49693311@N02,6535
30,28,18,20
6,6,6,6
62844184@N00,7878
30,19,25,17,20
6,6,6,6,6
7630487@N08,9131
30,1,13,28,20
6,6,6,6,6
8949620@N08,10591
25,28,18,4
6,6,6,6
9858951@N03,11557
16,28,22,1,20,25,26,10,7,21,4,11
6,6,6,6,6,6,6,6,6,6,6,6
80658772@N00,9653
16,26,18,23,3,11
6,6,6,6,6,6
48949906@N00,6388
16,24,11
6,6,6
49165041@N00,6420
16,26,7,6,5,11
6,6,6,6,6,6
23119895@N00,2427
21,29,15,26,12
6,6,6,6,6
20544648@N06,1924
10,13,4,31
6,6,6,6
41254815@N02,5506
24,17,27,28,22,18,29,10,21,4,11,25,13
6,6,6,6,6,6,6,6,6,6,6,6,6
53697195@N05,6907
24,26,28,13
6,6,6,6
23212779@N04,2583
24,12,22,13
6,6,6,6
35371784@N00,4433
24,12,25,13
6,6,6,6
48108659@N00,6266
24,4,13
6,6,6
78025158@N00,9319
24,4,11,13
6,6,6,6
99471343@N00,11713
4,13,16,1,19
6,6,6,6,6
88719648@N00,10520
4,18,17,15,14,22,29,23,30,1,28,26,20,31,21,13
6,6,6,6,6,6,6,6,6,6,6,6,6,6,6,6
80775532@N06,9658
4,7,6,10,11,13
6,6,6,6,6,6
43725348@N00,5804
4,11,21,26,16,27,23,1,13
6,6,6,6,6,6,6,6,6
22191840@N00,2086
4,3,25,13,12,24,15,26,28,20,30,22,29,11
6,6,6,6,6,6,6,6,6,6,6,6,6,6
10182842@N08,90
29,1,17,24
6,6,6,6
49165041@N00,6423
29,16,17,26,21,23,12,24
6,6,6,6,6,6,6,6
13918219@N00,1254
29,14,31,20,1,24
6,6,6,6,6,6
23866387@N03,2816
29,27,1,28,30,24
6,6,6,6,6,6
71486434@N00,8695
29,14,24
6,6,6
10196023@N00,150
29,1,11,23,20,24
6,6,6,6,6,6
23205379@N02,2452
29,11,24
6,6,6
50325355@N00,6607
29,20,23,24
6,6,6,6
75674173@N00,9073
1,23,10
6,6,6
15125199@N07,1550
1,16,8,25,10
6,6,6,6,6
41848523@N00,5545
1,28,10
6,6,6
66787548@N00,8391
17,7,11,23
6,6,6,6
24850040@N07,2986
17,26,29,23
6,6,6,6
31223689@N00,3884
17,18,23
6,6,6
69883003@N00,8573
29,30,1
6,6,6
45352977@N05,6030
29,10,17,28,16,1
6,6,6,6,6,6
57392952@N00,7146
29,15,1
6,6,6
23866387@N03,2820
29,26,28,1
6,6,6,6
23212779@N04,2582
29,18,28,1
6,6,6,6
44476715@N00,5915
29,28,1
6,6,6
45749280@N00,6066
29,28,1
6,6,6
55503365@N04,7073
29,23,13,21,3,6,26,28,1
6,6,6,6,6,6,6,6,6
79172203@N00,9436
29,18,13,19,30,1
6,6,6,6,6,6
92334226@N00,10933
29,14,1
6,6,6
34270790@N07,4321
29,25,4,1
6,6,6,6
63383881@N07,7957
29,12,26,20,1
6,6,6,6,6
24850040@N07,3006
3,26,18,28
6,6,6,6
23205379@N02,2546
3,13,28
6,6,6
21358387@N02,1970
3,11,28
6,6,6
64405577@N00,8086
3,20,28
6,6,6
67246822@N00,8420
30,1,28,16
6,6,6,6
43232455@N07,5733
30,29,12,16
6,6,6,6
23684642@N08,2705
30,26,4,16
6,6,6,6
22311697@N06,2264
30,20,16
6,6,6
24850040@N07,3007
30,22,29,16
6,6,6,6
9329852@N08,11055
23,30,1,18,20,29,10,6,8,26
6,6,6,6,6,6,6,6,6,6
67260043@N04,8429
23,28,1,30,29,10,21,16,26
6,6,6,6,6,6,6,6,6
22576224@N08,2286
23,28,26
6,6,6
66008314@N00,8273
23,7,3,5,26
6,6,6,6,6
79172203@N00,9400
23,29,11,3,17,16,26
6,6,6,6,6,6,6
79172203@N00,9407
15,27,23
6,6,6
46097854@N00,6127
15,21,1,26,4,28,23
6,6,6,6,6,6,6
51311897@N00,6724
15,19,1,23
6,6,6,6
37994498834@N01,4887
28,29,30,11,21
6,6,6,6,6
9858951@N03,11590
28,26,21
6,6,6
10196023@N00,141
28,26,21
6,6,6
51311897@N00,6733
28,26,21
6,6,6
79172203@N00,9487
28,26,21
6,6,6
86383576@N00,10318
28,16,21
6,6,6
24577327@N06,2948
28,3,13,21
6,6,6,6
37382345@N08,4741
28,1,23,21
6,6,6,6
43579472@N00,5775
28,26,6,21
6,6,6,6
70319699@N05,8605
28,27,22,15,18,21
6,6,6,6,6,6
88158593@N00,10488
28,26,13,12,21
6,6,6,6,6
92859439@N06,10981
28,25,24,21
6,6,6,6
22309110@N03,2138
28,11,4,19,18,20,14,27,22,30,23,17,21
6,6,6,6,6,6,6,6,6,6,6,6,6
19567516@N00,1832
28,19,11,12,25,21
6,6,6,6,6,6
94608516@N07,11136
20,16,5,17,25,24
6,6,6,6,6,6
26874770@N06,3287
5,7,12,29
6,6,6,6
95050769@N05,11181
16,21,13
6,6,6
112828108@N08,465
16,24,15,13
6,6,6,6
23218963@N00,2611
16,27,26,19,13
6,6,6,6,6
37763182@N03,4789
16,30,28,26,11,13
6,6,6,6,6,6
53687491@N00,6902
16,30,26,31,8,18,22,19,20,23,7,4,5,21,13
6,6,6,6,6,6,6,6,6,6,6,6,6,6,6
9173558@N05,10853
16,26,17,20,14,22,11,25,13
6,6,6,6,6,6,6,6,6
43040292@N08,5665
16,15,24,27,28,1,21,13
6,6,6,6,6,6,6,6
48889119704@N01,6379
12,26,10,27,22,16,1
6,6,6,6,6,6,6
43195725@N00,5717
12,21,29,18,26,20,1
6,6,6,6,6,6,6
20544648@N06,1921
12,17,13,27,16,26,29,20,18,10,28,1
6,6,6,6,6,6,6,6,6,6,6,6
31916258@N00,3940
12,24,15,31,11,7,6,26,28,18,1
6,6,6,6,6,6,6,6,6,6,6
33063488@N02,4115
12,24,13,29,1
6,6,6,6,6
8386875@N06,10073
12,3,25,13,1
6,6,6,6,6
88859913@N00,10537
12,20,18,23,26,16,28,1
6,6,6,6,6,6,6,6
97161736@N02,11406
19,29,18
6,6,6
105745254@N04,291
19,20,18
6,6,6
36911028@N00,4630
7,12,15
6,6,6
48108659@N00,6270
16,26,31,20,29,22,30,10,1
6,6,6,6,6,6,6,6,6
60861613@N00,7546
16,26,18,17,24,28,1
6,6,6,6,6,6,6
27813472@N00,3450
16,26,1
6,6,6
124495835@N08,926
16,18,7,1
6,6,6,6
16911222@N04,1706
16,28,1
6,6,6
22309110@N03,2228
16,17,11,29,23,1
6,6,6,6,6,6
35795945@N02,4478
16,25,21,11,31,20,26,28,1
6,6,6,6,6,6,6,6,6
99292329@N03,11702
16,17,7,9,30,19,31,1
6,6,6,6,6,6,6,6
81197180@N00,9691
16,27,26,9,11,28,1
6,6,6,6,6,6,6
21739162@N04,2020
16,17,28,1
6,6,6,6
9858951@N03,11591
22,14,26,1,28,24,13,6,31,29
6,6,6,6,6,6,6,6,6,6
11374644@N06,486
22,13,28,1,20,25,21,18,29
6,6,6,6,6,6,6,6,6
79172203@N00,9428
22,1,28,17,29
6,6,6,6,6
85665489@N00,10258
22,14,16,29
6,6,6,6
44941607@N00,5943
22,28,25,13,29
6,6,6,6,6
89414761@N00,10585
22,30,1,29
6,6,6,6
28057734@N03,3529
22,26,29
6,6,6
62102776@N02,7691
1,17,10,30
6,6,6,6
62443344@N00,7769
1,28,16,26,11,30
6,6,6,6,6,6
49275237@N00,6436
1,29,22,30
6,6,6,6
102953813@N07,203
1,29,22,30
6,6,6,6
77906206@N00,9285
1,27,17,24,12,26,3,25,20,14,30
6,6,6,6,6,6,6,6,6,6,6
13818837@N05,1236
1,20,19,30
6,6,6,6
16336194@N00,1661
1,16,26,28,30
6,6,6,6,6
27813472@N00,3468
1,23,29,4,26,30
6,6,6,6,6,6
35599995@N04,4462
1,28,7,18,30
6,6,6,6,6
36330825967@N01,4575
1,29,14,30
6,6,6,6
45352977@N05,6023
1,19,31,30
6,6,6,6
48837990@N00,6333
1,28,29,30
6,6,6,6
58044290@N00,7221
1,26,13,17,30
6,6,6,6,6
58668786@N00,7273
1,31,29,30
6,6,6,6
61258745@N03,7598
1,28,7,6,26,27,12,25,20,30
6,6,6,6,6,6,6,6,6,6
79172203@N00,9483
1,8,30
6,6,6
8101809@N08,9678
1,26,18,22,20,24,30
6,6,6,6,6,6,6
8347765@N06,9968
1,28,17,27,25,6,26,16,19,29,23,30
6,6,6,6,6,6,6,6,6,6,6,6
8502118@N08,10234
1,29,30
6,6,6
22309110@N03,2196
1,21,12,16,5,17,7,29,4,3,28,20,23,18,30
6,6,6,6,6,6,6,6,6,6,6,6,6,6,6
96004001@N00,11281
15,16,13,1,28,20,25
6,6,6,6,6,6,6
93384689@N08,11056
15,18,29,26,6,25
6,6,6,6,6,6
79172203@N00,9444
12,23,18
6,6,6
32289743@N03,4000
11,9,16,26
6,6,6,6
8386875@N06,10114
11,17,28,27,16,26
6,6,6,6,6,6
33823100@N00,4234
13,16,27
6,6,6
89804841@N00,10605
13,25,28,24,27
6,6,6,6,6
43535605@N00,5772
13,25,27
6,6,6
59263913@N00,7386
13,28,16,26,15,1,20,24,29,27
6,6,6,6,6,6,6,6,6,6
38235069@N00,4956
3,7,12
6,6,6
27258925@N00,3350
3,21,27,16,9,10,5,7,8,17,15,24,12
6,6,6,6,6,6,6,6,6,6,6,6,6
12793852@N00,1023
23,28,17
6,6,6
20319059@N06,1890
23,18,17
6,6,6
28402154@N03,3559
23,30,17
6,6,6
92859439@N06,10977
5,11,25
6,6,6
62102776@N02,7673
