12,4,16,9,8,15
6,6,6,6,6,6
26686716@N02,1447
11,9,16,15,13,1
6,6,6,6,6,6
20715134@N00,788
11,3,9,1
6,6,6,6
23720661@N08,1147
11,9,1
6,6,6
24850040@N07,1256
11,9,1
6,6,6
52666614@N06,3575
11,16,1
6,6,6
23828731@N02,1159
11,2,4,16,1
6,6,6,6,6
25360342@N02,1301
11,5,1
6,6,6
27874898@N00,1555
11,5,1
6,6,6
95356654@N00,5507
11,7,1
6,6,6
28495936@N03,1609
11,13,1
6,6,6
31474844@N02,1811
11,14,2,16,1
6,6,6,6,6
62213164@N00,4009
11,15,8,1
6,6,6,6
8638605@N02,5112
11,5,16,1
6,6,6,6
93283041@N00,5446
11,4,10,1
6,6,6,6
96077153@N00,5549
11,3,16,9,1
6,6,6,6,6
97174119@N07,5713
11,6,4,7,3,8,1
6,6,6,6,6,6,6
54855264@N00,3699
11,13,17,1
6,6,6,6
85631149@N00,5049
10,11,2,9,3
6,6,6,6,6
51011933@N00,3479
10,14,3
6,6,6
7349370@N04,4498
10,2,3
6,6,6
73122205@N07,4478
8,13,17,4
6,6,6,6
10529536@N05,114
8,1,4
6,6,6
49855440@N00,3425
8,11,4
6,6,6
89634087@N00,5261
8,11,4
6,6,6
10295241@N02,88
8,16,9,7,2,4
6,6,6,6,6,6
49075539@N06,3350
8,11,1,4
6,6,6,6
110223705@N07,192
8,11,2,4
6,6,6,6
15021432@N00,627
14,1,11,9,5,8
6,6,6,6,6,6
8729032@N06,5170
14,2,8
6,6,6
11785705@N02,293
14,3,4,1,9,16,5,8
6,6,6,6,6,6,6,6
24704473@N07,1237
14,3,4,2,5,8
6,6,6,6,6,6
33244915@N00,1941
17,15,13,5,10
6,6,6,6,6
67949678@N00,4284
17,13,8,5,11,1,10
6,6,6,6,6,6,6
15474023@N03,653
17,11,10
6,6,6
106045902@N02,124
17,11,16,9,10
6,6,6,6,6
59888866@N00,3903
17,15,10
6,6,6
36916766@N08,2283
17,15,10
6,6,6
59888795@N03,3897
17,15,10
6,6,6
66506437@N08,4236
2,5,3
6,6,6
28530387@N06,1622
2,9,8,5,3
6,6,6,6,6
44452722@N03,2943
2,15,13,3
6,6,6,6
73114641@N00,4476
6,11,17,3,1,2
6,6,6,6,6,6
25360342@N02,1299
17,6,8,5,1
6,6,6,6,6
32388039@N03,1860
15,13,7,2,12,16
6,6,6,6,6,6
28971971@N00,1656
15,17,10,2,16
6,6,6,6,6
23322134@N02,1072
9,2,12,15,5
6,6,6,6,6
13516406@N00,511
9,16,11,5
6,6,6,6
79959485@N00,4809
9,16,11,5
6,6,6,6
44275181@N00,2923
9,13,2,5
6,6,6,6
35498711@N04,2162
9,11,10,17,5
6,6,6,6,6
45067258@N00,2999
13,17,1,2
6,6,6,6
22161498@N00,901
13,17,10,3,2
6,6,6,6,6
99502551@N08,5804
13,15,11,7,2
6,6,6,6,6
73281647@N03,4484
14,13,2,15,17
6,6,6,6,6
29259314@N04,1695
15,13,5,10
6,6,6,6
23684642@N08,1110
15,13,5,11,2,10
6,6,6,6,6,6
12199307@N08,345
15,8,5,11,13,10
6,6,6,6,6,6
28572085@N03,1626
15,11,4,10
6,6,6,6
15021432@N00,629
15,13,11,2,12,10
6,6,6,6,6,6
29865634@N04,1732
7,9,1,16
6,6,6,6
91227690@N08,5330
16,11,7,2,10,17,15,13,8,5,1
6,6,6,6,6,6,6,6,6,6,6
98889314@N02,5782
16,11,1
6,6,6
45032460@N06,2983
16,15,1
6,6,6
93678083@N08,5462
16,6,13,1
6,6,6,6
23673310@N02,1098
16,12,1
6,6,6
34239398@N00,2074
16,4,8,11,1
6,6,6,6,6
43808803@N00,2873
16,15,13,1,10
6,6,6,6,6
53228494@N00,3664
16,5,11,13,17,10
6,6,6,6,6,6
11438118@N00,257
16,13,10
6,6,6
52666614@N06,3577
16,9,5,4,11,10
6,6,6,6,6,6
23720661@N08,1134
9,1,11,2,4,3,14,17,13,8
6,6,6,6,6,6,6,6,6,6
40968098@N07,2584
9,17,6,8
6,6,6,6
26893219@N07,1467
9,3,4,8
6,6,6,6
52793155@N07,3608
9,11,8
6,6,6
7327560@N06,4481
9,16,11,8
6,6,6,6
26678134@N04,1428
8,5,12
6,6,6
48391953@N02,3264
8,17,9,1,13,2,12
6,6,6,6,6,6,6
92533979@N00,5398
8,13,15,5,11,12
6,6,6,6,6,6
72589879@N00,4456
8,5,11,3,4,12
6,6,6,6,6,6
79959485@N00,4808
8,5,11,4,12
6,6,6,6,6
9449875@N03,5477
8,5,15,10,11,12
6,6,6,6,6,6
23673310@N02,1101
2,17,15
6,6,6
28724781@N04,1641
2,4,11,15
6,6,6,6
7366969@N02,4511
6,11,9,14,5,8
6,6,6,6,6,6
57027437@N06,3790
6,2,11,12,8
6,6,6,6,6
44082489@N00,2892
6,13,17,4,11,5,8
6,6,6,6,6,6,6
93283041@N00,5440
6,13,17,15,10,4,2,3,14,11,1,9,5,8
6,6,6,6,6,6,6,6,6,6,6,6,6,6
86684413@N00,5136
6,13,17,10,11,5,8
6,6,6,6,6,6,6
46108419@N00,3082
9,8,16,11,7,4
6,6,6,6,6,6
42580834@N08,2726
9,16,4
6,6,6
43082306@N00,2775
3,1,2
6,6,6
64466278@N03,4139
3,5,8,13,17,10,11,9,16,4,2
6,6,6,6,6,6,6,6,6,6,6
62595633@N06,4029
3,11,2
6,6,6
8592217@N08,5098
17,9,14
6,6,6
72174877@N00,4436
15,13,5
6,6,6
38505413@N06,2452
15,17,4,11,1,5
6,6,6,6,6,6
45652530@N08,3048
15,8,5
6,6,6
7151738@N03,4409
15,8,5
6,6,6
89451823@N08,5252
15,11,9,13,8,5
6,6,6,6,6,6
60082453@N05,3924
1,2,12
6,6,6
33719077@N06,2009
1,5,8,12
6,6,6,6
63287402@N00,4079
14,2,1
6,6,6
7256454@N05,4449
3,14,8,15
6,6,6,6
47125846@N08,3149
3,11,15
6,6,6
91132397@N08,5324
17,11,5
6,6,6
84108876@N00,4992
17,16,11,5
6,6,6,6
9860213@N08,5769
17,3,2,5
6,6,6,6
58512585@N00,3836
17,15,6,8,5
6,6,6,6,6
10983978@N03,158
17,8,5
6,6,6
23429318@N00,1087
17,15,13,8,5
6,6,6,6,6
8838492@N05,5211
11,5,1,9,16,7,2,4,17,15
6,6,6,6,6,6,6,6,6,6
10774763@N05,138
11,2,17,15
6,6,6,6
21978090@N03,882
11,17,15
6,6,6
25360342@N02,1302
11,17,15
6,6,6
86459399@N00,5124
11,17,15
6,6,6
96196973@N02,5570
11,1,16,4,14,2,10,15
6,6,6,6,6,6,6,6
26522673@N07,1367
11,2,15
6,6,6
33786609@N02,2026
11,10,15
6,6,6
44599500@N06,2957
11,10,15
6,6,6
69108709@N07,4325
11,4,10,17,15
6,6,6,6,6
47125846@N08,3134
11,8,15
6,6,6
47125846@N08,3157
11,3,9,10,15
6,6,6,6,6
73114641@N00,4475
11,12,2,3,4,17,15
6,6,6,6,6,6,6
79743365@N00,4791
11,7,2,4,17,15
6,6,6,6,6,6
93283041@N00,5439
11,16,1,5,8,15
6,6,6,6,6,6
93283041@N00,5445
11,1,3,7,4,15
6,6,6,6,6,6
93371661@N08,5456
11,10,17,15
6,6,6,6
95782054@N05,5537
11,10,17,5,8,3,15
6,6,6,6,6,6,6
14013358@N06,555
13,10,8,6
6,6,6,6
10048675@N02,16
13,10,6
6,6,6
11438118@N00,260
13,15,10,5,8,6
6,6,6,6,6,6
16985502@N04,695
12,4,8,11,7
6,6,6,6,6
12445963@N00,363
5,8,17,10,1,2
6,6,6,6,6,6
20727999@N06,790
5,11,2
6,6,6
19555551@N00,743
5,11,2
6,6,6
8459320@N03,5013
5,13,17,14,2
6,6,6,6,6
99471343@N00,5801
5,3,2
6,6,6
26678134@N04,1407
5,8,11,1,4,2
6,6,6,6,6,6
33934966@N00,2047
5,8,10,17,2
6,6,6,6,6
29648523@N05,1712
5,8,13,17,2
6,6,6,6,6
30891516@N08,1786
8,15,3
6,6,6
27429042@N08,1510
8,5,3
6,6,6
79761301@N00,4799
8,13,3
6,6,6
47567986@N00,3209
8,11,3
6,6,6
37553034@N03,2338
8,2,3
6,6,6
35629408@N03,2172
4,14,2
6,6,6
22218920@N08,911
4,11,2
6,6,6
44957651@N00,2980
4,12,2
6,6,6
49109678@N04,3361
4,17,15,10,8,11,2
6,6,6,6,6,6,6
42786185@N06,2739
4,16,9,11,1,3,2
6,6,6,6,6,6,6
36694655@N08,2263
9,5,16
6,6,6
96430093@N05,5612
9,11,16
6,6,6
45571875@N06,3031
13,14,3
6,6,6
63287402@N00,4080
13,17,5,16,2,11,7,14,3
6,6,6,6,6,6,6,6,6
57835821@N00,3820
13,2,7,3
6,6,6,6
90315279@N00,5295
13,8,11,14,3
6,6,6,6,6
80446452@N00,4824
11,8,5,9,16,4,13,10,3,2,12,14
6,6,6,6,6,6,6,6,6,6,6,6
23322134@N02,1068
11,7,14
6,6,6
26678134@N04,1439
11,3,2,14
6,6,6,6
35853462@N00,2194
11,2,14
6,6,6
7256454@N05,4446
11,7,3,14
6,6,6,6
8729032@N06,5166
2,5,10
6,6,6
36911028@N00,2277
2,4,16,1,5,8,13,15,17,10
6,6,6,6,6,6,6,6,6,6
40303166@N06,2541
2,12,13,10
6,6,6,6
56223610@N07,3767
2,11,10
6,6,6
10259875@N03,77
1,9,4,2
6,6,6,6
127278883@N08,406
1,3,2
6,6,6
63202442@N00,4065
6,11,9,17
6,6,6,6
56414555@N03,3771
6,11,3,4,15,13,17
6,6,6,6,6,6,6
8729032@N06,5167
6,11,8,5,1,9,2,12,4,10,17
6,6,6,6,6,6,6,6,6,6,6
39146060@N00,2495
2,5,13,1
6,6,6,6
86459399@N00,5122
2,9,1
6,6,6
26522673@N07,1365
2,10,1
6,6,6
26603119@N00,1381
2,16,8,1
6,6,6,6
62205900@N00,4006
2,9,5,1
6,6,6,6
77105859@N02,4648
16,9,15,4
6,6,6,6
76151808@N00,4603
16,15,4
6,6,6
39146060@N00,2500
16,9,1,13,15,17,4
6,6,6,6,6,6,6
40279984@N00,2536
16,11,9,4
6,6,6,6
41407408@N00,2617
16,13,8,17,11,4
6,6,6,6,6,6
85644119@N00,5060
16,2,1,9,11,5,8,13,17,10,4
6,6,6,6,6,6,6,6,6,6,6
81322238@N00,4895
4,2,1
6,6,6
14904592@N04,622
4,11,5,1
6,6,6,6
23322134@N02,1066
3,2,10,1,11
6,6,6,6,6
96062950@N02,5545
3,1,5,11
6,6,6,6
23720661@N08,1144
3,7,10,17,13,5,11
6,6,6,6,6,6,6
26678134@N04,1438
3,16,11
6,6,6
36226805@N03,2239
3,12,11
6,6,6
44124427374@N01,2916
3,2,12,4,16,11
6,6,6,6,6,6
61285553@N00,3969
3,4,10,8,5,11
6,6,6,6,6,6
63202442@N00,4064
3,1,11
6,6,6
66718423@N03,4237
3,2,16,9,1,5,8,13,10,11
6,6,6,6,6,6,6,6,6,6
8068835@N04,4853
3,9,2,11
6,6,6,6
98474523@N00,5764
3,4,11
6,6,6
21029801@N05,800
3,8,17,11
6,6,6,6
35721568@N00,2176
3,4,13,11
6,6,6,6
35457947@N04,2157
2,13,8,17
6,6,6,6
45561435@N00,3023
2,5,8,17
6,6,6,6
59288549@N02,3853
2,11,9,5,8,13,17
6,6,6,6,6,6,6
79761301@N00,4796
12,14,13,6,11,2
6,6,6,6,6,6
15790231@N02,667
12,9,1,16,8,5,11,7,3,4,10,17,13,2
6,6,6,6,6,6,6,6,6,6,6,6,6,6
95198134@N00,5499
12,4,2
6,6,6
45842803@N00,3065
12,11,3,2
6,6,6,6
11438118@N00,263
14,11,5,13,15,17,10
6,6,6,6,6,6,6
49275237@N00,3374
11,2,7
6,6,6
101503011@N06,60
11,6,7
6,6,6
36226805@N03,2231
11,1,7
6,6,6
131849702@N06,482
11,1,4,7
6,6,6,6
26678134@N04,1401
11,8,14,7
6,6,6,6
33667899@N07,2003
11,4,7
6,6,6
46671006@N00,3119
11,15,17,10,8,13,1,5,12,2,3,7
6,6,6,6,6,6,6,6,6,6,6,6
53199533@N07,3662
11,1,2,12,7
6,6,6,6,6
60054626@N00,3921
11,1,9,5,8,13,17,10,7
6,6,6,6,6,6,6,6,6
61826063@N00,3984
11,9,7
6,6,6
74865359@N00,4556
15,17,13,10,2,7
6,6,6,6,6,6
51746586@N06,3524
13,1,12,5
6,6,6,6
27874898@N00,1557
13,10,11,5
6,6,6,6
64542402@N07,4164
13,10,2,6,16,1,11,4,3,5
6,6,6,6,6,6,6,6,6,6
35380796@N03,2154
13,10,15,11,14,8,5
6,6,6,6,6,6,6
35736481@N00,2179
13,17,15,11,3,9,4,5
6,6,6,6,6,6,6,6
76665138@N00,4625
13,8,5
6,6,6
121499845@N05,337
13,8,5
6,6,6
33507605@N03,1976
13,11,5
6,6,6
101445497@N05,55
13,11,4,10,5
6,6,6,6,6
48311919@N00,3255
13,11,9,16,5
6,6,6,6,6
90347114@N05,5296
8,10,15
6,6,6
41134616@N00,2597
8,10,15
6,6,6
14934218@N03,625
8,11,2,4,15
6,6,6,6,6
109554486@N07,156
8,17,15
6,6,6
13559836@N03,514
8,13,10,11,15
6,6,6,6,6
85813749@N00,5079
8,4,9,11,15
6,6,6,6,6
82484061@N00,4934
8,10,17,15
6,6,6,6
59288549@N02,3855
8,11,10,17,15
6,6,6,6,6
25027171@N08,1274
10,17,13,6
6,6,6,6
86482004@N00,5132
10,5,8,17,11,1,6
6,6,6,6,6,6,6
59390981@N04,3858
10,15,17,13,8,5,1,12,11,4
6,6,6,6,6,6,6,6,6,6
30629351@N00,1769
10,11,5,8,13,4
6,6,6,6,6,6
17145135@N00,706
10,15,13,11,4
6,6,6,6,6
8068835@N04,4854
11,17,9,16
6,6,6,6
42118699@N08,2691
11,9,16
6,6,6
45749280@N00,3057
11,9,16
6,6,6
77744839@N00,4673
11,10,17,15,13,8,5,1,9,16
6,6,6,6,6,6,6,6,6,6
64478148@N07,4159
11,7,12,13,8,16
6,6,6,6,6,6
9813050@N08,5746
3,15,17
6,6,6
23720661@N08,1138
7,4,8
6,6,6
85864407@N08,5086
16,9,13,3
6,6,6,6
23720661@N08,1151
10,11,2
6,6,6
29129621@N05,1680
10,15,13,11,9,2
6,6,6,6,6,6
65367128@N00,4201
9,1,11
6,6,6
23828731@N02,1158
9,8,17,2,11
6,6,6,6,6
24143798@N08,1184
9,8,11
6,6,6
41610763@N04,2628
9,4,11
6,6,6
41693381@N00,2640
9,5,11
6,6,6
54902025@N00,3703
9,5,8,11
6,6,6,6
9070451@N03,5314
9,17,10,13,5,11
6,6,6,6,6,6
10259875@N03,85
9,1,4,11
6,6,6,6
63330642@N06,4096
9,4,3,16,11
6,6,6,6,6
40598203@N08,2558
9,10,11
6,6,6
52364637@N00,3555
9,10,11
6,6,6
91220827@N02,5328
9,17,11
6,6,6
12592520@N03,392
2,12,16,10,11,7,3,4,17,13,15,5
6,6,6,6,6,6,6,6,6,6,6,6
40646519@N00,2560
2,11,8,13,17,5
6,6,6,6,6,6
12130680@N05,333
2,11,5
6,6,6
44318907@N08,2927
2,11,5
6,6,6
30738244@N07,1779
2,12,14,3,9,1,11,5
6,6,6,6,6,6,6,6
69574134@N00,4345
2,1,12,4,5
6,6,6,6,6
49502987176@N01,3391
17,15,7
6,6,6
23833168@N04,1165
17,11,1,2,7
6,6,6,6,6
51159953@N00,3499
5,10,15
6,6,6
48763139@N00,3290
5,8,13,15
6,6,6,6
31764887@N02,1831
5,8,15
6,6,6
70862502@N00,4396
17,15,13,8,1,11,16,9
6,6,6,6,6,6,6,6
93283041@N00,5442
17,8,5,9
6,6,6,6
101445497@N05,52
17,3,14,11,9
6,6,6,6,6
24745847@N00,1248
17,11,12,9
6,6,6,6
27874898@N00,1552
17,4,3,2,9
6,6,6,6,6
66139507@N05,4229
17,11,9
6,6,6
69738583@N05,4351
17,15,4,3,2,9
6,6,6,6,6,6
85288320@N00,5039
11,7,10
6,6,6
99219204@N00,5791
11,7,10
6,6,6
22791773@N07,990
11,1,5,8,13,15,17,10
6,6,6,6,6,6,6,6
100620414@N03,24
11,13,10
6,6,6
10403093@N06,106
11,13,10
6,6,6
23036992@N08,1010
11,13,10
6,6,6
56027706@N00,3761
11,2,5,8,13,15,17,6,10
6,6,6,6,6,6,6,6,6
121861619@N03,339
11,16,5,8,15,17,10
6,6,6,6,6,6,6
12982579@N00,458
11,2,4,10
6,6,6,6
14504365@N00,598
11,2,4,10
6,6,6,6
85095974@N05,5032
11,1,9,16,14,5,4,8,13,6,10
6,6,6,6,6,6,6,6,6,6,6
23833168@N04,1163
11,13,17,10
6,6,6,6
30683917@N07,1773
11,13,17,10
6,6,6,6
96678288@N02,5681
11,5,10
6,6,6
33455872@N05,1952
11,9,15,8,5,13,10
6,6,6,6,6,6,6
33934966@N00,2045
11,2,3,14,5,8,13,15,17,10
6,6,6,6,6,6,6,6,6,6
37097738@N02,2298
11,16,5,8,13,10
6,6,6,6,6,6
39146060@N00,2494
11,1,8,10
6,6,6,6
45561435@N00,3025
11,16,10
6,6,6
9228491@N06,5383
11,17,13,10
6,6,6,6
55615740@N00,3747
11,2,12,10
6,6,6,6
64466278@N03,4140
11,2,7,3,4,16,9,1,5,8,13,17,15,10
6,6,6,6,6,6,6,6,6,6,6,6,6,6
64478148@N07,4160
11,2,12,7,3,14,1,9,16,5,8,13,17,10
6,6,6,6,6,6,6,6,6,6,6,6,6,6
77179348@N00,4650
11,1,10
6,6,6
91363409@N07,5345
11,4,10
6,6,6
85121305@N08,5034
11,2,1,4,5,13,15,10
6,6,6,6,6,6,6,6
31692641@N00,1827
10,15,13
6,6,6
12004667@N02,317
10,15,13
6,6,6
89388234@N00,5249
10,17,15,13
6,6,6,6
20544648@N06,777
10,9,13
6,6,6
39146060@N00,2489
10,17,13
6,6,6
64478148@N07,4146
10,17,13
6,6,6
88859710@N03,5227
10,5,8,13
6,6,6,6
11774512@N05,292
10,16,9,8,6,13
6,6,6,6,6,6
116112674@N02,281
10,11,13
6,6,6
9639902@N04,5584
10,11,2,15,17,13
6,6,6,6,6,6
42786185@N06,2741
10,4,7,14,3,11,2,5,8,15,17,13
6,6,6,6,6,6,6,6,6,6,6,6
78779574@N00,4735
10,17,11,13
6,6,6,6
13032456@N05,469
10,17,11,13
6,6,6,6
62213164@N00,4010
10,15,4,13
6,6,6,6
35498711@N04,2163
10,17,5,11,1
6,6,6,6,6
7849988@N04,4724
10,15,9,1
6,6,6,6
91847136@N03,5368
10,17,1
6,6,6
28450912@N02,1592
10,15,13,11,2,9,1
6,6,6,6,6,6,6
31646024@N00,1824
14,2,1,9,11,5
6,6,6,6,6,6
11102586@N00,197
16,1,9,11,8
6,6,6,6,6
20342624@N00,773
16,11,5,8
6,6,6,6
34390084@N07,2082
16,3,8
6,6,6
78319592@N00,4694
16,10,8
6,6,6
9644199@N02,5630
16,11,4,8
6,6,6,6
101445497@N05,56
2,4,11,12
6,6,6,6
22866792@N00,997
2,11,9,1,5,8,6,16,14,3,12
6,6,6,6,6,6,6,6,6,6,6
36226805@N03,2237
2,13,3,11,12
6,6,6,6,6
9228491@N06,5384
2,10,15,9,11,5,8,13,12
6,6,6,6,6,6,6,6,6
95611942@N00,5525
1,4,3,17,13
6,6,6,6,6
23716112@N06,1128
1,15,13
6,6,6
29924665@N05,1743
1,15,13
6,6,6
96678288@N02,5682
1,2,11,13
6,6,6,6
31692641@N00,1830
1,17,15,13
6,6,6,6
35853462@N00,2191
1,6,13
6,6,6
65825924@N03,4220
1,9,16,4,15,10,17,13
6,6,6,6,6,6,6,6
26486487@N06,1363
7,8,11
6,6,6
26678134@N04,1430
7,5,11
6,6,6
68998347@N00,4318
12,4,11,1,10,13,8,5
6,6,6,6,6,6,6,6
22068918@N00,888
12,10,13,5
6,6,6,6
31692641@N00,1829
12,17,13,7,3,2,1,9,16,4,10,15,11,5
6,6,6,6,6,6,6,6,6,6,6,6,6,6
77179348@N00,4651
12,2,11,16,9,7,14
6,6,6,6,6,6,6
15473418@N00,650
8,11,15,13
6,6,6,6
11504889@N06,274
8,11,15,13
6,6,6,6
69416229@N00,4343
8,1,9,16,6,11,2,12,7,15,17,13
6,6,6,6,6,6,6,6,6,6,6,6
23833168@N04,1164
8,17,10,13
6,6,6,6
21301462@N02,825
8,17,13
6,6,6
20895877@N04,796
8,5,11,7,14,3,2,12,4,10,17,13
6,6,6,6,6,6,6,6,6,6,6,6
40646519@N00,2561
8,5,11,9,16,2,13
6,6,6,6,6,6,6
44124395373@N01,2904
8,5,11,1,16,9,17,15,13
6,6,6,6,6,6,6,6,6
64478148@N07,4147
8,5,11,1,2,4,17,13
6,6,6,6,6,6,6,6
89522530@N00,5260
8,4,11,10,13
6,6,6,6,6
26522673@N07,1371
8,5,1,9,3,4,11,17,15,13
6,6,6,6,6,6,6,6,6,6
51636307@N00,3518
8,5,9,16,11,7,10,17,15,13
6,6,6,6,6,6,6,6,6,6
51141147@N02,3498
8,15,9,16,11,4,13
6,6,6,6,6,6,6
91496554@N04,5355
8,10,13
6,6,6
10048675@N02,14
8,17,15,13
6,6,6,6
29865634@N04,1737
8,10,17,13
6,6,6,6
79535868@N00,4783
8,5,10,17,15,13
6,6,6,6,6,6
9663436@N03,5671
8,5,11,1,2,4,10,17,13
6,6,6,6,6,6,6,6,6
25585962@N06,1325
8,5,15,7,10,17,13
6,6,6,6,6,6,6
52636686@N07,3573
8,4,13
6,6,6
68846374@N00,4307
8,9,2,3,10,17,13
6,6,6,6,6,6,6
14625004@N00,608
8,15,5,6,17,13
6,6,6,6,6,6
51746586@N06,3528
8,5,1,2,17,11,14,10,15,13
6,6,6,6,6,6,6,6,6,6
71022830@N00,4402
8,11,10,15,17,13
6,6,6,6,6,6
39037826@N00,2485
8,11,13
6,6,6
11355999@N08,237
8,11,13
6,6,6
64465885@N03,4138
8,11,14,4,15,13
6,6,6,6,6,6
28092308@N00,1569
8,11,10,15,13
6,6,6,6,6
33704098@N00,2006
8,11,12,14,4,17,15,13
6,6,6,6,6,6,6,6
35736481@N00,2177
8,11,3,7,2,17,13
6,6,6,6,6,6,6
8729032@N06,5161
5,8,11,6,10
6,6,6,6,6
10983978@N03,171
5,8,17,10
6,6,6,6
132097980@N07,486
5,8,13,17,10
6,6,6,6,6
36694655@N08,2264
10,8,17
6,6,6
10128570@N04,45
10,8,13,17
6,6,6,6
7349370@N04,4500
10,7,11,17
6,6,6,6
26678134@N04,1418
10,15,17
6,6,6
78562800@N05,4727
10,3,11,2,17
6,6,6,6,6
45716980@N00,3051
10,15,13,1,9,11,2,17
6,6,6,6,6,6,6,6
31559075@N00,1818
1,5,8,9
6,6,6,6
63202442@N00,4066
1,2,11,9
6,6,6,6
76151808@N00,4604
11,1,8,2,17
6,6,6,6,6
42151752@N05,2702
11,10,17
6,6,6
15265115@N06,642
11,1,17
6,6,6
11724486@N02,285
11,1,17
6,6,6
86694404@N00,5137
11,8,17
6,6,6
61905010@N03,3990
11,13,17
6,6,6
91621746@N00,5360
11,3,13,17
6,6,6,6
25027171@N08,1270
11,2,3,4,10,17
6,6,6,6,6,6
36702908@N05,2265
11,4,10,13,17
6,6,6,6,6
39146060@N00,2498
11,7,8,16,17
6,6,6,6,6
42912463@N02,2756
11,13,15,17
6,6,6,6
64779594@N00,4176
11,5,17
6,6,6
79172203@N00,4758
11,4,7,8,17
6,6,6,6,6
79761301@N00,4794
11,7,14,2,8,4,17
6,6,6,6,6,6,6
98109106@N00,5741
11,4,17
6,6,6
41808955@N00,2659
7,9,16,1,14,11,3
6,6,6,6,6,6,6
36226805@N03,2241
5,11,16,9
6,6,6,6
52793155@N07,3607
5,1,12,2,4,3,9
6,6,6,6,6,6,6
83400109@N08,4973
5,15,8,11,1,9
6,6,6,6,6,6
66755680@N06,4246
5,1,4,2,3,11,9
6,6,6,6,6,6,6
60054626@N00,3916
5,8,13,17,15,11,9
6,6,6,6,6,6,6
87507703@N04,5174
9,15,5,11,2
6,6,6,6,6
110166673@N02,189
9,16,11,2
6,6,6,6
41134616@N00,2596
9,4,5,15,11,2
6,6,6,6,6,6
61083754@N04,3948
9,4,17,15,8,11,2
6,6,6,6,6,6,6
76766156@N06,4631
9,11,2
6,6,6
75742976@N05,4584
10,17,15
6,6,6
21882182@N03,878
4,11,7,9,16,8
6,6,6,6,6,6
122876725@N05,355
4,16,9,1,13,15,17,10,11,2,7,14,3,5,8
6,6,6,6,6,6,6,6,6,6,6,6,6,6,6
47573122@N05,3210
4,17,13,15,1,9,11,5,8
6,6,6,6,6,6,6,6,6
28450912@N02,1587
4,11,8
6,6,6
95608654@N04,5523
1,11,7,3,16
6,6,6,6,6
46027550@N00,3075
1,11,5,16
6,6,6,6
12088724@N02,332
1,8,11,16
6,6,6,6
69574134@N00,4347
17,5,11
6,6,6
48481127@N08,3268
17,5,11
6,6,6
51035771246@N01,3491
17,13,11
6,6,6
94126498@N00,5467
17,13,11
6,6,6
45561435@N00,3024
17,13,6,7,16,11
6,6,6,6,6,6
42580834@N08,2725
17,9,4,11
6,6,6,6
35378947@N07,2141
17,10,16,11
6,6,6,6
25360342@N02,1300
17,10,9,11
6,6,6,6
26678134@N04,1435
17,13,15,11
6,6,6,6
28495936@N03,1603
17,15,11
6,6,6
37657436@N04,2357
17,13,8,10,5,11
6,6,6,6,6,6
48275668@N02,3239
17,13,1,16,11
6,6,6,6,6
49109678@N04,3363
17,8,11
6,6,6
49675952@N07,3414
17,4,11
6,6,6
68235353@N00,4291
17,13,6,8,11
6,6,6,6,6
127429516@N03,412
17,13,15,5,8,11
6,6,6,6,6,6
78364960@N04,4706
16,9,13
6,6,6
69161765@N08,4329
16,4,5,10,11,2,7,15,13
6,6,6,6,6,6,6,6,6
85644119@N00,5058
16,2,11,9,5,8,13
6,6,6,6,6,6,6
54364530@N08,3686
16,5,1,9,10,17,13
6,6,6,6,6,6,6
71778096@N00,4411
4,11,15,17
6,6,6,6
10983978@N03,177
4,8,17
6,6,6
78364960@N04,4708
8,5,17,15,4,11,12,2
6,6,6,6,6,6,6,6
7366969@N02,4510
8,13,10,11,5,4,2
6,6,6,6,6,6,6
85644119@N00,5054
8,13,16,6,15,11,1,5,2
6,6,6,6,6,6,6,6,6
40937461@N02,2581
8,10,1
6,6,6
26678134@N04,1429
8,10,5,1
6,6,6,6
36017094@N04,2222
8,9,1
6,6,6
70944869@N00,4401
8,13,10,11,1
6,6,6,6,6
127015663@N02,404
8,12,4,6,17,11,9,3,1
6,6,6,6,6,6,6,6,6
14580956@N08,604
8,11,1
6,6,6
64834051@N00,4179
8,13,15,10,4,9,11,1
6,6,6,6,6,6,6,6
80775532@N06,4858
9,2,11,5,8,13,17,15,10
6,6,6,6,6,6,6,6,6
60804222@N05,3942
9,11,10
6,6,6
27429042@N08,1512
4,11,5
6,6,6
54902025@N00,3704
4,11,5
6,6,6
23322134@N02,1076
4,11,3,12,6,15,8,13,5
6,6,6,6,6,6,6,6,6
15605437@N08,665
4,13,6,5
6,6,6,6
8124939@N07,4885
4,11,16,12,2,14,7,5
6,6,6,6,6,6,6,6
33494202@N04,1972
4,2,15,11,5
6,6,6,6,6
50968580@N00,3478
4,15,5
6,6,6
25027171@N08,1273
4,13,11,5
6,6,6,6
71665812@N00,4410
13,11,15,17
6,6,6,6
8280384@N03,4946
13,8,5,17
6,6,6,6
7849988@N04,4726
13,15,10,11,1,7,4,5,8,17
6,6,6,6,6,6,6,6,6,6
40262057@N06,2531
13,10,17
6,6,6
11935368@N00,308
13,8,5,11,15,17
6,6,6,6,6,6
44318907@N08,2934
13,11,2,17
6,6,6,6
11441631@N00,267
13,11,3,1,9,10,17
6,6,6,6,6,6,6
35356940@N00,2130
9,11,1
6,6,6
63084736@N00,4055
9,16,1
6,6,6
14135751@N07,559
8,13,10,5
6,6,6,6
46453719@N00,3109
8,13,17,10,5
6,6,6,6,6
54250081@N05,3684
8,13,15,10,12,4,5
6,6,6,6,6,6,6
35872939@N00,2201
8,13,5
6,6,6
61285553@N00,3968
8,9,13,5
6,6,6,6
57268629@N00,3793
8,17,15,10,11,5
6,6,6,6,6,6
8245538@N06,4933
8,9,1,16,5
6,6,6,6,6
11928454@N04,304
8,9,16,2,7,5
6,6,6,6,6,6
16994861@N08,700
8,17,3,11,5
6,6,6,6,6
23720661@N08,1149
8,11,13,3,1,9,2,16,5
6,6,6,6,6,6,6,6,6
26874770@N06,1453
8,13,17,11,5
6,6,6,6,6
68574102@N00,4300
8,1,5
6,6,6
36125909@N00,2229
8,11,5
6,6,6
45756179@N03,3060
8,11,5
6,6,6
79959485@N00,4806
8,11,5
6,6,6
7552795@N03,4573
8,11,14,4,5
6,6,6,6,6
27270108@N05,1488
8,11,6,17,13,5
6,6,6,6,6,6
44318907@N08,2928
8,11,3,2,5
6,6,6,6,6
98474523@N00,5762
8,13,11,9,4,5
6,6,6,6,6,6
35736481@N00,2180
8,13,11,2,16,5
6,6,6,6,6,6
89138020@N00,5244
3,5,11,1,16,2,13
6,6,6,6,6,6,6
89241972@N00,5245
3,4,10,17,13
6,6,6,6,6
23720661@N08,1146
3,1,17,13
6,6,6,6
85095974@N05,5031
3,10,5,8,13
6,6,6,6,6
99544917@N00,5808
5,11,1,9,7,3,14
6,6,6,6,6,6,6
35928519@N00,2220
5,1,16,4,10,17,11,3,7,14
6,6,6,6,6,6,6,6,6,6
26678134@N04,1421
15,17,13
6,6,6
12508217@N08,375
15,10,13
6,6,6
15530177@N05,657
15,14,11,10,13
6,6,6,6,6
25126729@N00,1286
15,2,13
6,6,6
41903519@N07,2666
15,10,5,11,17,13
6,6,6,6,6,6
59888795@N03,3891
15,5,4,12,11,8,13
6,6,6,6,6,6,6
78743109@N00,4734
15,11,10,13
6,6,6,6
45067258@N00,2996
1,2,7
6,6,6
37714481@N00,2365
17,13,6,7,2
6,6,6,6,6
73427821@N00,4491
12,2,4,11
6,6,6,6
48624550@N00,3280
12,16,11
6,6,6
24435279@N00,1210
17,10,11,4,1,16,5,15
6,6,6,6,6,6,6,6
35378947@N07,2145
17,10,6,13,15
6,6,6,6,6
44082489@N00,2897
7,15,6
6,6,6
51746586@N06,3527
3,8,5
6,6,6
10414404@N08,107
3,17,13,5
6,6,6,6
64779594@N00,4175
3,11,9,16,5
6,6,6,6,6
51166785@N06,3501
3,11,13,6,5
6,6,6,6,6
35853462@N00,2200
5,11,16
6,6,6
9228491@N06,5388
5,8,11,2,7,4,1,9,16
6,6,6,6,6,6,6,6,6
52636686@N07,3572
15,17,10,11,2
6,6,6,6,6
87415005@N02,5172
15,13,5,8,2
6,6,6,6,6
7973770@N05,4790
2,12,14,3,4,10,17,15,13,11
6,6,6,6,6,6,6,6,6,6
11928454@N04,303
2,3,11
6,6,6
13933131@N08,549
2,4,11
6,6,6
22802028@N08,991
2,4,11
6,6,6
62121361@N03,4004
2,4,11
6,6,6
127662106@N04,419
2,4,11
6,6,6
62121361@N03,4002
2,9,14,12,5,11
6,6,6,6,6,6
37046031@N00,2286
2,12,11
6,6,6
45571875@N06,3035
2,4,9,16,11
6,6,6,6,6
69591415@N02,4348
2,9,1,5,11
6,6,6,6,6
85509341@N00,5044
2,14,3,11
6,6,6,6
23573205@N05,1090
2,17,13,8,11
6,6,6,6,6
25703511@N06,1330
2,7,11
6,6,6
63812709@N02,4124
8,11,7
6,6,6
37998051@N00,2382
8,11,9,13,7
6,6,6,6,6
8949620@N08,5254
4,16,9
6,6,6
38067879@N08,2390
4,5,13,9
6,6,6,6
29129621@N05,1676
4,17,11,2,1,9
6,6,6,6,6,6
49887039@N04,3429
4,11,9
6,6,6
14631943@N08,609
4,3,9
6,6,6
60054626@N00,3915
14,3,5,1,11
6,6,6,6,6
63287402@N00,4087
14,3,4,11
6,6,6,6
100775237@N03,36
14,3,4,11
6,6,6,6
82432080@N00,4931
14,13,11
6,6,6
65105672@N00,4192
14,4,11
6,6,6
8311873@N03,4956
6,11,4,10,17,15,13
6,6,6,6,6,6,6
29108089@N04,1671
6,11,10,13
6,6,6,6
42786185@N06,2745
6,10,15,13
6,6,6,6
49934509@N00,3440
6,3,2,16,1,9,17,15,13
6,6,6,6,6,6,6,6,6
8729032@N06,5169
4,10,15
6,6,6
22232518@N05,916
4,8,13,15
6,6,6,6
45583433@N00,3042
4,9,16
6,6,6
130069612@N06,466
12,11,5,8
6,6,6,6
14769156@N08,614
12,17,15,8
6,6,6,6
48658532@N06,3281
9,6,2,3
6,6,6,6
41693381@N00,2637
14,3,2,12
6,6,6,6
63287402@N00,4086
15,13,1
6,6,6
43642153@N04,2851
15,17,11,9,16,13,10,5,8,3,2,12,14,4,1
6,6,6,6,6,6,6,6,6,6,6,6,6,6,6
29619840@N00,1710
15,17,10,1
6,6,6,6
44082489@N00,2894
12,7,10
6,6,6
20701570@N00,785
1,2,15,13,17,8,11,5
6,6,6,6,6,6,6,6
35261894@N00,2125
1,16,5
6,6,6
64779594@N00,4172
1,11,6,5
6,6,6,6
63287402@N00,4078
1,16,9,11,17,5
6,6,6,6,6,6
9228491@N06,5387
8,15,17,11,3,2,14
6,6,6,6,6,6,6
21748548@N00,871
8,5,11,4,2,14
6,6,6,6,6,6
7366969@N02,4513
8,11,2,14
6,6,6,6
76151808@N00,4602
17,10,1,11,3,8
6,6,6,6,6,6
96062950@N02,5543
17,13,15,8
6,6,6,6
10989907@N07,186
17,11,3,14,8
6,6,6,6,6
8729032@N06,5168
17,11,3,6,8
6,6,6,6,6
97838235@N00,5733
17,10,5,8
6,6,6,6
23604805@N07,1091
17,10,5,8
6,6,6,6
40286663@N06,2537
17,5,8
6,6,6
86285103@N00,5109
17,5,8
6,6,6
23684642@N08,1113
17,15,13,5,8
6,6,6,6,6
9926279@N03,5792
17,10,15,8
6,6,6,6
42118699@N08,2681
17,11,8
6,6,6
21619670@N03,853
17,11,8
6,6,6
23025449@N05,1007
17,11,8
6,6,6
42340071@N05,2711
17,11,5,8
6,6,6,6
35034354650@N01,2114
17,11,2,1,8
6,6,6,6,6
98767429@N00,5773
17,13,11,8
6,6,6,6
28373086@N07,1582
17,2,8
6,6,6
49934509@N00,3435
2,4,16,11,9
6,6,6,6,6
49109678@N04,3360
2,11,9
6,6,6
24675445@N00,1235
2,4,1,3,10,11,16,9
6,6,6,6,6,6,6,6
89138020@N00,5243
7,4,11,5,13,10,17
6,6,6,6,6,6,6
55455788@N00,3731
14,2,12,9
6,6,6,6
46050386@N03,3077
11,13,1,9
6,6,6,6
54679799@N03,3697
11,1,17,9
6,6,6,6
95694198@N00,5531
11,10,1,9
6,6,6,6
14845075@N00,616
11,3,14,1,16,9
6,6,6,6,6,6
24704473@N07,1240
11,16,9
6,6,6
34390084@N07,2085
11,15,13,1,9
6,6,6,6,6
38194020@N00,2444
11,10,17,13,8,1,9
6,6,6,6,6,6,6
40571088@N00,2556
11,2,14,3,4,13,8,9
6,6,6,6,6,6,6,6
41661621@N00,2634
11,10,9
6,6,6
47125846@N08,3174
11,1,9
6,6,6
64542402@N07,4163
11,5,6,9
6,6,6,6
63257911@N00,4070
11,7,17,8,9
6,6,6,6,6
7307868@N02,4469
11,5,9
6,6,6
73451901@N00,4496
11,7,12,4,9
6,6,6,6,6
9813050@N08,5744
11,4,9
6,6,6
98474523@N00,5763
1,11,4,17
6,6,6,6
50428026@N00,3455
1,6,17
6,6,6
99467063@N06,5800
1,4,3,17
6,6,6,6
28450912@N02,1589
1,15,17
6,6,6
36735086@N07,2269
1,13,17
6,6,6
96274088@N05,5574
1,5,15,17
6,6,6,6
51267780@N00,3504
1,2,17
6,6,6
83848625@N00,4987
13,15,17,2,11,1
6,6,6,6,6,6
41396402@N03,2613
13,5,1
6,6,6
127278883@N08,407
13,8,5,1
6,6,6,6
23720661@N08,1137
13,8,5,11,1
6,6,6,6,6
77179348@N00,4649
13,15,11,2,16,9,1
6,6,6,6,6,6,6
7349370@N04,4499
13,15,11,5,1
6,6,6,6,6
94697173@N00,5490
13,17,1
6,6,6
44082489@N00,2891
13,11,1
6,6,6
91315857@N02,5343
1,2,15,17,6
6,6,6,6,6
24232695@N00,1196
12,11,9
6,6,6
33667899@N07,2001
8,3,9,2,11,16
6,6,6,6,6,6
11935368@N00,307
8,11,16
6,6,6
85644119@N00,5053
8,2,16
6,6,6
42118699@N08,2684
12,13,17
6,6,6
56909601@N00,3780
12,3,16,11,17
6,6,6,6,6
87173471@N00,5155
12,2,10,15,17
6,6,6,6,6
8949620@N08,5258
16,2,11,5
6,6,6,6
98109106@N00,5739
16,1,5
6,6,6
64478148@N07,4141
16,1,5
6,6,6
77744839@N00,4675
16,1,5
6,6,6
84227486@N02,5005
16,11,1,5
6,6,6,6
9176927@N08,5366
16,6,17,8,13,11,5
6,6,6,6,6,6,6
85843151@N00,5080
15,13,11,3
6,6,6,6
23942903@N00,1172
15,5,12,11,3
6,6,6,6,6
134814033@N03,508
13,10,11
6,6,6
7886635@N06,4740
13,5,11
6,6,6
24364723@N08,1204
13,5,11
6,6,6
85121305@N08,5033
13,10,9,3,11
6,6,6,6,6
42580834@N08,2724
13,17,15,10,11
6,6,6,6,6
44082489@N00,2890
13,9,15,11
6,6,6,6
65547015@N00,4210
13,5,9,11
6,6,6,6
8068835@N04,4856
13,1,9,11
6,6,6,6
10048675@N02,17
13,17,10,11
6,6,6,6
21212744@N07,810
13,17,10,11
6,6,6,6
96678288@N02,5675
13,17,11
6,6,6
29460926@N08,1702
13,17,11
6,6,6
44318907@N08,2935
13,1,9,16,11
6,6,6,6,6
46050386@N03,3078
13,14,12,11
6,6,6,6
86476099@N00,5130
13,5,4,11
6,6,6,6
90728477@N00,5315
1,11,16,9,3,2,4
6,6,6,6,6,6,6
23720661@N08,1145
1,11,7,14,2,4
6,6,6,6,6,6
59390981@N04,3857
1,14,17,15,5,11,16,9,4
6,6,6,6,6,6,6,6,6
60054626@N00,3922
1,5,4
6,6,6
7366969@N02,4512
1,2,12,4
6,6,6,6
91227690@N08,5331
11,3,2
6,6,6
81713706@N05,4899
11,3,2
6,6,6
44337661@N07,2937
11,9,1,2
6,6,6,6
27270108@N05,1486
11,1,10,6,4,3,2
6,6,6,6,6,6,6
36226805@N03,2238
11,1,2
6,6,6
41419160@N03,2621
11,1,2
6,6,6
51746064@N07,3521
11,17,10,2
6,6,6,6
45072542@N00,3003
11,8,2
6,6,6
51065161@N00,3496
11,16,2
6,6,6
79959485@N00,4811
11,10,2
6,6,6
9036688@N06,5299
4,2,13
6,6,6
53024970@N07,3651
4,17,15,13
6,6,6,6
59888795@N03,3888
4,8,13
6,6,6
96430093@N05,5629
4,11,9,13
6,6,6,6
49014295@N06,3345
4,1,10
6,6,6
26678134@N04,1404
4,11,10
6,6,6
26874770@N06,1458
4,5,16,11,10
6,6,6,6,6
35378947@N07,2149
11,2,12
6,6,6
51159953@N00,3500
11,2,12
6,6,6
30042168@N03,1748
11,16,8,12
6,6,6,6
22687691@N02,983
11,1,12
6,6,6
28724781@N04,1642
11,9,3,7,13,12
6,6,6,6,6,6
56074800@N00,3765
11,9,12
6,6,6
67246822@N00,4260
11,13,12
6,6,6
86285103@N00,5108
5,16,11,7,3
6,6,6,6,6
50968580@N00,3477
5,8,14,3
6,6,6,6
26678134@N04,1426
5,16,1,13,15,10,3
6,6,6,6,6,6,6
44412893@N02,2940
5,11,9,3
6,6,6,6
18703622@N06,732
5,17,8,11,1,3
6,6,6,6,6,6
35853462@N00,2198
5,17,2,3
6,6,6,6
99385068@N00,5797
6,4,15
6,6,6
52458519@N07,3559
6,5,11,17,15
6,6,6,6,6
45067258@N00,3002
5,6,11
6,6,6
37159320@N00,2299
5,6,11
6,6,6
14873749@N02,617
5,10,8,13,15,17,11
6,6,6,6,6,6,6
10259875@N03,80
5,8,13,11
6,6,6,6
26522673@N07,1369
5,8,14,3,11
6,6,6,6,6
26678134@N04,1417
5,8,10,11
6,6,6,6
30256684@N02,1754
5,8,15,11
6,6,6,6
40303166@N06,2539
5,3,11
6,6,6
40814689@N00,2575
5,13,11
6,6,6
46117104@N06,3089
5,13,11
6,6,6
79761301@N00,4798
5,15,11
6,6,6
46866350@N00,3126
5,8,11
6,6,6
49169223@N00,3369
5,8,11
6,6,6
97019381@N00,5706
5,8,11
6,6,6
13259518@N00,493
5,1,11
6,6,6
63287402@N00,4082
5,1,11
6,6,6
92622262@N08,5403
5,1,11
6,6,6
99502551@N08,5803
5,8,17,11
6,6,6,6
64478148@N07,4158
5,16,11
6,6,6
77932199@N07,4679
5,2,4,11
6,6,6,6
29078580@N00,1668
5,8,3,14,11
6,6,6,6,6
26678134@N04,1412
5,15,2,16,11
6,6,6,6,6
96801778@N00,5698
5,17,1,11
6,6,6,6
77437178@N00,4661
5,13,15,17,10,11
6,6,6,6,6,6
10259875@N03,82
5,2,3,11
6,6,6,6
8576764@N02,5078
5,8,12,11
6,6,6,6
23673310@N02,1094
1,9,16,8,17,15
6,6,6,6,6,6
27429042@N08,1516
4,1,11
6,6,6
20154444@N04,759
4,9,1,11
6,6,6,6
29129621@N05,1678
4,10,2,11
6,6,6,6
18214853@N00,723
4,9,2,11
6,6,6,6
18748204@N00,733
4,14,3,11
6,6,6,6
58953549@N05,3844
4,15,11
6,6,6
88158593@N00,5205
4,16,6,1,11
6,6,6,6,6
11438118@N00,247
4,8,11
6,6,6
23212779@N04,1053
4,8,11
6,6,6
48391953@N02,3265
4,2,10,8,13,5,15,1,11
6,6,6,6,6,6,6,6,6
13644648@N03,522
4,13,15,5,11
6,6,6,6,6
26874770@N06,1465
4,9,7,13,15,1,16,3,11
6,6,6,6,6,6,6,6,6
39146060@N00,2496
4,6,11
6,6,6
46724048@N00,3120
4,13,17,11
6,6,6,6
55041396@N00,3708
4,5,8,11
6,6,6,6
63257911@N00,4071
4,2,11
6,6,6
74289372@N00,4533
15,13,17,10,5,8
6,6,6,6,6,6
8068421@N07,4852
15,17,8
6,6,6
60401103@N04,3933
15,17,8
6,6,6
96084178@N00,5551
15,5,8
6,6,6
23720661@N08,1143
15,4,10,13,8
6,6,6,6,6
33507605@N03,1974
15,10,8
6,6,6
37335919@N02,2333
15,5,13,8
6,6,6,6
81810968@N02,4905
15,6,8
6,6,6
94697173@N00,5487
15,16,8
6,6,6
88504071@N00,5214
15,11,1,9,5,10,17,13,6,8
6,6,6,6,6,6,6,6,6,6
45716980@N00,3054
15,11,2,5,8
6,6,6,6,6
99119735@N06,5785
15,17,11,5,8
6,6,6,6,6
54491498@N00,3691
13,15,17,10
6,6,6,6
23322134@N02,1074
13,15,10
6,6,6
39024895@N00,2484
13,17,8,5,10
6,6,6,6,6
95778894@N00,5536
13,4,10
6,6,6
65825924@N03,4223
13,1,9,17,15,8,5,2,3,7,11,4,10
6,6,6,6,6,6,6,6,6,6,6,6,6
93629101@N05,5459
13,11,10
6,6,6
13137063@N05,478
13,11,10
6,6,6
18334814@N00,726
17,15,10,11,5,8,13
6,6,6,6,6,6,6
79761301@N00,4797
17,10,5,8,13
6,6,6,6,6
12508217@N08,379
17,10,5,8,13
6,6,6,6,6
43122711@N02,2812
17,15,13
6,6,6
41872770@N05,2661
17,15,13
6,6,6
64478148@N07,4149
17,15,13
6,6,6
7151738@N03,4406
17,15,13
6,6,6
85882671@N00,5093
17,8,13
6,6,6
64478148@N07,4156
17,10,11,13
6,6,6,6
99471343@N00,5802
17,11,16,13
6,6,6,6
96525092@N00,5650
17,11,10,13
6,6,6,6
16093042@N00,681
17,11,13
6,6,6
23205379@N02,1047
13,11,5,8,9
6,6,6,6,6
28090908@N04,1568
4,10,1,9,5,8,6,13,15,11,3,14
6,6,6,6,6,6,6,6,6,6,6,6
36226805@N03,2243
4,10,17,13,6
6,6,6,6,6
23720661@N08,1132
4,17,6
6,6,6
48275668@N02,3241
4,7,6
6,6,6
60054626@N00,3923
3,10,17,15,13,9,11,14,1,16,4
6,6,6,6,6,6,6,6,6,6,6
13533794@N00,513
3,7,4
6,6,6
127662106@N04,422
3,7,4
6,6,6
79121533@N00,4755
3,7,4
6,6,6
8729032@N06,5163
10,2,8,5,11,7
6,6,6,6,6,6
72670227@N06,4458
10,15,11,1,9,8,13,16,2,14,7
6,6,6,6,6,6,6,6,6,6,6
49165041@N00,3368
1,6,8
6,6,6
10983978@N03,179
1,13,8
6,6,6
31291728@N05,1798
1,13,8
6,6,6
44375167@N00,2938
1,11,8
6,6,6
46193283@N00,3093
1,16,8
6,6,6
54902025@N00,3705
1,5,8
6,6,6
56922122@N03,3786
1,5,8
6,6,6
9653109@N04,5665
9,2,4,1,16,11,15,13
6,6,6,6,6,6,6,6
47125846@N08,3143
9,16,13
6,6,6
42118699@N08,2685
9,16,13
6,6,6
11438118@N00,250
9,11,16,2,7
6,6,6,6,6
69323198@N00,4336
9,16,7
6,6,6
20322483@N05,770
14,10,13
6,6,6
27429042@N08,1521
14,11,2,5,8,6,13
6,6,6,6,6,6,6
36607954@N05,2256
10,17,8,11,5
6,6,6,6,6
37595844@N08,2348
10,8,5
6,6,6
75837785@N00,4590
10,17,13,5
6,6,6,6
96258832@N08,5572
10,17,16,1,11,14,3,2,4,5
6,6,6,6,6,6,6,6,6,6
35380796@N03,2155
10,11,7,4,17,15,6,13,8,5
6,6,6,6,6,6,6,6,6,6
9549670@N05,5517
10,17,13,15,8,5
6,6,6,6,6,6
15473418@N00,649
13,8,5,14
6,6,6,6
26678134@N04,1436
13,16,14
6,6,6
48275668@N02,3238
2,11,7
6,6,6
8526081@N08,5037
2,4,8,17,11,7
6,6,6,6,6,6
81834077@N00,4907
8,10,13,5,11
6,6,6,6,6
121499845@N05,336
8,5,11
6,6,6
8949620@N08,5255
8,5,11
6,6,6
17754571@N02,716
8,5,11
6,6,6
52793155@N07,3590
8,5,11
6,6,6
9644199@N02,5636
8,12,11
6,6,6
45749280@N00,3059
8,13,17,10,11
6,6,6,6,6
108231769@N08,144
8,13,17,11
6,6,6,6
41624223@N08,2629
8,17,11
6,6,6
88201963@N00,5208
8,17,11
6,6,6
21748548@N00,870
8,13,15,17,10,11
6,6,6,6,6,6
115400338@N03,275
8,1,11
6,6,6
124948917@N04,368
8,9,11
6,6,6
13644648@N03,521
8,9,11
6,6,6
29648523@N05,1711
8,9,11
6,6,6
22261589@N00,925
8,9,11
6,6,6
8100133@N05,4876
8,6,11
6,6,6
14244677@N08,566
8,13,11
6,6,6
59471679@N04,3866
8,13,11
6,6,6
31616435@N04,1820
8,2,11
6,6,6
48275668@N02,3249
8,1,9,17,2,11
6,6,6,6,6,6
55217458@N00,3715
8,10,11
6,6,6
55455788@N00,3724
8,1,3,2,11
6,6,6,6,6
64171510@N00,4132
8,4,11
6,6,6
78364960@N04,4701
8,5,2,9,11
6,6,6,6,6
34390084@N07,2079
8,5,11,10
6,6,6,6
28450912@N02,1586
8,13,17,10
6,6,6,6
37657436@N04,2360
8,9,13,10
6,6,6,6
45716980@N00,3052
8,15,10
6,6,6
68731864@N04,4305
8,17,7,10
6,6,6,6
39146060@N00,2493
8,11,12,17,5,10
6,6,6,6,6,6
48891180@N00,3339
8,11,10
6,6,6
13885531@N00,538
8,11,10
6,6,6
58072194@N08,3828
8,11,2,13,17,10
6,6,6,6,6,6
58228008@N00,3831
8,13,11,3,2,10
6,6,6,6,6,6
95258067@N00,5500
12,11,16
6,6,6
23673310@N02,1103
3,13,8
6,6,6
33455872@N05,1950
15,11,16,6
6,6,6,6
26874770@N06,1457
8,3,17
6,6,6
36702908@N05,2266
8,6,13,15,17
6,6,6,6,6
25905065@N00,1337
8,2,15,17
6,6,6,6
25126729@N00,1281
8,13,15,17
6,6,6,6
24616128@N00,1230
8,15,17
6,6,6
31764887@N02,1833
8,15,17
6,6,6
55171970@N00,3712
8,15,9,1,16,17
6,6,6,6,6,6
61198674@N00,3961
8,5,1,2,12,17
6,6,6,6,6,6
63513545@N00,4112
8,5,7,3,2,15,11,17
6,6,6,6,6,6,6,6
63637045@N07,4116
8,11,17
6,6,6
22261589@N00,921
8,15,13,11,17
6,6,6,6,6
26680632@N04,1446
8,5,6
6,6,6
11935368@N00,306
10,4,2,9
6,6,6,6
97477255@N00,5720
10,8,9
6,6,6
38235069@N00,2446
10,6,9
6,6,6
45067258@N00,2992
10,11,9
6,6,6
69883003@N00,4367
10,17,8,11,2,9
6,6,6,6,6,6
97023479@N08,5707
13,8,4
6,6,6
11199582@N03,212
13,17,11,10,4
6,6,6,6,6
49169223@N00,3370
13,15,17,4
6,6,6,6
59888795@N03,3894
13,10,17,4
6,6,6,6
70862502@N00,4390
13,15,4
6,6,6
72126458@N00,4434
13,11,4
6,6,6
42912996@N00,2757
11,9,16,4
6,6,6,6
12508217@N08,378
11,9,16,4
6,6,6,6
30213408@N00,1753
11,2,4
6,6,6
13259518@N00,492
11,2,4
6,6,6
49887039@N04,3430
11,3,4
6,6,6
70928085@N00,4399
11,2,3,4
6,6,6,6
23833168@N04,1166
11,15,1,16,2,4
6,6,6,6,6,6
24048284@N02,1181
11,17,4
6,6,6
35285073@N08,2128
11,2,15,4
6,6,6,6
35872939@N00,2202
11,1,9,5,8,13,17,15,10,4
6,6,6,6,6,6,6,6,6,6
45681479@N04,3050
11,9,4
6,6,6
47125846@N08,3171
11,9,1,13,15,4
6,6,6,6,6,6
52862869@N07,3637
11,1,8,13,17,4
6,6,6,6,6,6
72463966@N00,4445
1,9,16,4,14,10,8,6,11
6,6,6,6,6,6,6,6,6
36607954@N05,2255
1,2,9,5,11
6,6,6,6,6
88158593@N00,5204
1,5,17,12,11
6,6,6,6,6
30831872@N08,1783
1,9,8,11
6,6,6,6
12659736@N02,400
1,15,13,8,5,11
6,6,6,6,6,6
33360568@N05,1947
1,2,11
6,6,6
76356046@N05,4617
1,9,16,11
6,6,6,6
91227690@N08,5333
1,17,15,16,11
6,6,6,6,6
78364960@N04,4711
1,17,11
6,6,6
31770349@N02,1837
1,8,11
6,6,6
52192784@N08,3543
1,8,11
6,6,6
64834051@N00,4178
1,10,4,3,13,8,11
6,6,6,6,6,6,6
52758053@N07,3583
1,4,17,11
6,6,6,6
24021297@N00,1178
3,1,6
6,6,6
14617498@N00,605
5,14,17
6,6,6
7256454@N05,4451
5,15,17
6,6,6
24616128@N00,1228
16,4,5,11
6,6,6,6
78345092@N07,4695
16,13,14,11
6,6,6,6
43667163@N00,2855
16,8,11
6,6,6
41126359@N00,2593
16,17,11
6,6,6
74865359@N00,4557
16,2,3,11
6,6,6,6
88959316@N00,5233
16,1,5,8,13,15,17,11
6,6,6,6,6,6,6,6
17299643@N00,707
5,13,6
6,6,6
66718423@N03,4238
11,16,9,1,14,3
6,6,6,6,6,6
23720661@N08,1142
11,14,3
6,6,6
26678134@N04,1415
11,5,3
6,6,6
45067258@N00,2998
11,1,9,3
6,6,6,6
63330642@N06,4094
11,16,4,3
6,6,6,6
69987114@N00,4370
11,4,3
6,6,6
7256454@N05,4452
11,4,3
6,6,6
26874770@N06,1454
11,9,3
6,6,6
7945637@N07,4774
11,7,3
6,6,6
96525092@N00,5660
